AUTHOR_NAME,PUB_TITLE,PUB_YEAR,PUB_AUTHORS,PUB_PUBLISHER,PUB_CITATIONS,UPDATED
Atheer Al-Tameemi,Estimation of planetary surface ages using image based automatic crater detection algorithms,2018.0,['A Al'],,,2022-02-22
Thomas Asche,Validation of the COMPASS force field for complex inorganic–organic hybrid polymers,2017.0,"['TS Asche', ' P Behrens', ' AM Schneider']",,18.0,2022-02-22
Thomas Asche,[BOOK][B] Das Sicherheitsverhalten von Konsumenten,1990.0,['T Asche '],,27.0,2022-02-22
Thomas Asche,Die Ergebnisse der empirischen Analyse zum Sicherheitsverhalten,1990.0,['T Asche'], Das Sicherheitsverhalten von Konsumenten,,2022-02-22
Thomas Asche,Die Datengewinnung zur Analyse des Sicherheitsverhaltens,1990.0,['T Asche'], Das Sicherheitsverhalten von Konsumenten,,2022-02-22
Frank Lehmann,Durability of the resin bond strength to zirconia ceramic after using different surface conditioning methods,2007.0,"['M Wolfart', ' F Lehmann', ' S Wolfart', ' M Kern']", Dental Materials,635.0,2022-02-22
Frank Lehmann,Symptoms of depression and anxiety are independently associated with clinical recurrence of inflammatory bowel disease,2016.0,['A Mikocka'],Walus,209.0,2022-02-22
Frank Lehmann,The role and utility of faecal markers in inflammatory bowel disease,2015.0,"['FS Lehmann', ' E Burri…']", Therapeutic advances in …,164.0,2022-02-22
Frank Lehmann,Influence of surface conditioning on bonding to polyetheretherketon (PEEK),2012.0,"['M Kern', ' F Lehmann']", Dental Materials,179.0,2022-02-22
Frank Lehmann,Hepatoid adenocarcinoma with liver metastasis mimicking hepatocellular carcinoma: an immunohistochemical and molecular study of eight cases,2003.0,"['LM Terracciano', ' K Glatz', ' P Mhawech…']", The American journal …,172.0,2022-02-22
Frank Lehmann,Influence of surface conditioning and cleaning methods on resin bonding to zirconia ceramic,2011.0,"['A Attia', ' F Lehmann', ' M Kern']", Dental Materials,155.0,2022-02-22
Frank Lehmann,""" Last-Mile"" preparation for a potential disaster–Interdisciplinary approach towards tsunami early warning and an evacuation information system for the coastal city of …",2009.0,"['H Taubenböck', ' N Goseberg', ' N Setiadi…']", … Hazards and Earth …,156.0,2022-02-22
Frank Lehmann,Acoustic emission analysis for the quantification of autonomous crack healing in concrete,2012.0,"['K Van Tittelboom', ' N De Belie', ' F Lehmann…']", … and Building Materials,151.0,2022-02-22
Frank Lehmann,Relating ligand binding to activation gating in CNGA2 channels,2007.0,"['C Biskup', ' J Kusch', ' E Schulz', ' V Nache', ' F Schwede…']", Nature,131.0,2022-02-22
Frank Lehmann,Topographic migration of georadar data: Implications for acquisition and processing,2000.0,"['F Lehmann', ' AG Green']", Geophysics,149.0,2022-02-22
Frank Lehmann,Topographic migration of georadar data: Implications for acquisition and processing,2000.0,"['F Lehmann', ' AG Green']", Geophysics,149.0,2022-02-22
Frank Lehmann,"The effect of storage conditions, contamination modes and cleaning procedures on the resin bond strength to lithium disilicate ceramic.",2009.0,"['K Klosa', ' S Wolfart', ' F Lehmann', ' HJ Wenz…']", Journal of Adhesive …,116.0,2022-02-22
Frank Lehmann,[HTML][HTML] Value of fecal calprotectin in the evaluation of patients with abdominal discomfort: an observational study,2012.0,"['M Manz', ' E Burri', ' C Rothen…']", BMC …,115.0,2022-02-22
Frank Lehmann,[HTML][HTML] Interleukin-33-activated islet-resident innate lymphoid cells promote insulin secretion through myeloid cell retinoic acid production,2017.0,"['E Dalmas', ' FM Lehmann', ' E Dror', ' S Wueest', ' C Thienel…']", Immunity,93.0,2022-02-22
Frank Lehmann,Structural health monitoring of concrete structures using fibre-optic-based sensors: A review,2021.0,"['FIH Sakiyama', ' F Lehmann…']", Magazine of Concrete …,15.0,2022-02-22
Frank Lehmann,Voltage-gated ion channels and hereditary disease,1999.0,['F Lehmann'],Horn,715.0,2022-02-22
Frank Lehmann,Four‐year clinical results of fixed dental prostheses with zirconia substructures (Cercon): end abutments vs. cantilever design,2009.0,"['S Wolfart', ' S Harder', ' S Eschbach…']", European journal of …,107.0,2022-02-22
Frank Lehmann,Properties of hot-pressed lithium silicate glass-ceramics,2019.0,"['L Hallmann', ' P Ulmer', ' MD Gerngross', ' J Jetter…']", Dental materials,42.0,2022-02-22
Frank Lehmann,Durability of resin bonding to zirconia ceramic using different primers,2009.0,"['F Lehmann', ' M Kern']", Journal of Adhesive Dentistry,94.0,2022-02-22
Frank Lehmann,Effect of surface modifications on the bond strength of zirconia ceramic with resin cement resin,2016.0,"['L Hallmann', ' P Ulmer', ' F Lehmann', ' S Wille', ' O Polonskyi…']", Dental Materials,70.0,2022-02-22
Frank Lehmann,[HTML][HTML] Microbiota-induced tissue signals regulate ILC3-mediated antigen presentation,2020.0,"['FM Lehmann', ' N von Burg', ' R Ivanek', ' C Teufel…']", Nature …,17.0,2022-02-22
Frank Lehmann,Calretinin as a marker for cardiac myxoma: diagnostic and histogenetic considerations,2000.0,"['LM Terracciano', ' P Mhawech', ' K Suess…']", American journal of …,100.0,2022-02-22
Frank Lehmann,Influence of contamination on resin bond strength to nano‐structured alumina‐coated zirconia ceramic,2010.0,"['S Zhang', ' A Kocjan', ' F Lehmann…']", European Journal of …,83.0,2022-02-22
Frank Lehmann,Arylpyrrolizines as Inhibitors of Microsomal Prostaglandin E2 Synthase-1 (mPGES-1) or as Dual Inhibitors of mPGES-1 and 5-Lipoxygenase (5-LOX),2009.0,"['AJ Liedtke', ' PR Keck', ' F Lehmann…']", Journal of medicinal …,83.0,2022-02-22
Frank Lehmann,Semiautomated georadar data acquisition in three dimensions,1999.0,"['F Lehmann', ' AG Green']", Geophysics,134.0,2022-02-22
Frank Lehmann,Genetics and pathogenesis of malignant hyperthermia,2000.0,"['K Jurkat‐Rott', ' T McCarthy…']", Muscle & Nerve: Official …,356.0,2022-02-22
Frank Lehmann,Durability of resin bonding to lithium disilicate and zirconia ceramic using a self-etching primer,2017.0,"['S Wille', ' F Lehmann', ' M Kern']", J Adhes Dent,55.0,2022-02-22
Frank Lehmann,Analysis of pyrolyzates of polystyrene and poly (methyl methacrylate) by gas chromatography,1961.0,"['FA Lehmann', ' GM Brauer']", Analytical Chemistry,193.0,2022-02-22
Frank Lehmann,Bond strength of a new generation of universal bonding systems to zirconia ceramic,2016.0,"['N Passia', ' M Mitsias', ' F Lehmann', ' M Kern']", Journal of the mechanical …,50.0,2022-02-22
Frank Lehmann,Polyspermy in in vitro fertilization of human oocytes: frequency and possible causes.,1985.0,"['HH van der Ven', ' S Al']",Hasani,101.0,2022-02-22
Frank Lehmann,In situ correlation of cytokine secretion and  apoptosis in Helicobacter pylori-associated gastritis,2002.0,"['FS Lehmann', ' L Terracciano', ' I Carena…']", American Journal …,108.0,2022-02-22
Frank Lehmann,[HTML][HTML] The role of fibrosis in Duchenne muscular dystrophy,2012.0,"['W Klingler', ' K Jurkat']",Rott,194.0,2022-02-22
Frank Lehmann,Tensile bond strength of so-called universal primers and universal multimode adhesives to zirconia and lithium disilicate ceramics,2017.0,"['A Elsayed', ' F Younes', ' F Lehmann', ' M Kern']", J Adhes Dent,44.0,2022-02-22
Frank Lehmann,Ion channels and epilepsy,2001.0,"['H Lerche', ' K Jurkat‐Rott…']", American journal of …,194.0,2022-02-22
Frank Lehmann,[HTML][HTML] Sodium channelopathies of skeletal muscle result from gain or loss of function,2010.0,['K Jurkat'],Rott,163.0,2022-02-22
Frank Lehmann,Multicomponent georadar data: Some important implications for data acquisition and processing,2000.0,"['F Lehmann', ' DE Boerner', ' K Holliger', ' AG Green']", Geophysics,83.0,2022-02-22
Frank Lehmann,Red laser-induced fluorescence energy transfer in an immunosystem,2000.0,"['B Oswald', ' F Lehmann', ' L Simon', ' E Terpetschnig…']", Analytical …,86.0,2022-02-22
Frank Lehmann,New molecular targets for treatment of peptic ulcer disease,2003.0,"['FS Lehmann', ' P Hildebrand', ' C Beglinger']", Drugs,42.0,2022-02-22
Frank Lehmann,ERK phosphorylation is RAF independent in naïve and activated B cells but RAF dependent in plasma cell differentiation,2021.0,"['L Scheffler', ' S Feicht', ' T Babushku', ' LB Kuhn…']", Science …,2.0,2022-02-22
Frank Lehmann,Retention of zirconia on titanium in two-piece abutments with self-adhesive resin cements,2018.0,"['C Mehl', ' Q Zhang', ' F Lehmann', ' M Kern']", The Journal of prosthetic dentistry,28.0,2022-02-22
Frank Lehmann,Tensile bond strength of different universal adhesive systems to lithium disilicate ceramic,2015.0,"['N Passia', ' F Lehmann', ' S Freitag']",Wolf,43.0,2022-02-22
Frank Lehmann,Membrane changes in cells from myotonia patients.,1985.0,"['R Rüdel', ' F Lehmann']",,282.0,2022-02-22
Frank Lehmann,Monoclonal antibody testing for fecal calprotectin is superior to polyclonal testing of fecal calprotectin and lactoferrin to identify organic intestinal disease in patients …,2013.0,"['E Burri', ' M Manz', ' C Rothen', ' L Rossi', ' C Beglinger…']", Clinica Chimica …,45.0,2022-02-22
Frank Lehmann,Skeletal muscle channelopathies,2002.0,['K Jurkat'],Rott,154.0,2022-02-22
Frank Lehmann,Complications of anaesthesia in neuromuscular disorders,2005.0,"['W Klingler', ' F Lehmann']",Horn,137.0,2022-02-22
Frank Lehmann,Novel lead structures for p38 MAP kinase via FieldScreen virtual screening,2009.0,"['TJ Cheeseright', ' M Holm', ' F Lehmann…']", Journal of medicinal …,56.0,2022-02-22
Frank Lehmann,Breast cancer resistance protein and P-glycoprotein expression in patients with newly diagnosed and therapy-refractory ulcerative colitis compared with healthy …,2008.0,"['H Gutmann', ' P Hruz', ' C Zimmermann', ' A Straumann…']", Digestion,52.0,2022-02-22
Frank Lehmann,Perfluoroalkyl end-functionalized oligoesters: correlation between wettability and end-group segregation,2007.0,"['A Synytska', ' D Appelhans', ' ZG Wang', ' F Simon…']", …,61.0,2022-02-22
Frank Lehmann,Type D personality is associated with depressive symptoms and clinical activity in inflammatory bowel disease,2021.0,"['SBU Jordi', ' F Botte', ' BM Lang', ' T Greuter…']", Alimentary …,4.0,2022-02-22
Frank Lehmann,Depressive symptoms predict clinical recurrence of inflammatory bowel disease,2021.0,"['SBU Jordi', ' BM Lang', ' B Auschra…']", Inflammatory Bowel …,4.0,2022-02-22
Frank Lehmann,Fatigue strengthening of steel bridges with adhesively bonded CFRP laminates: Case study,2020.0,"['S Chataigner', ' M Wahbeh…']", … of Composites for …,11.0,2022-02-22
Frank Lehmann,Small drones for geo-archaeology in the steppes: locating and documenting the archaeological heritage of the Orkhon Valley in Mongolia,2009.0,"['M Oczipka', ' J Bemmann', ' H Piezonka…']", Remote Sensing for …,42.0,2022-02-22
Frank Lehmann,[HTML][HTML] Muscle channelopathies and critical points in functional and genetic studies,2005.0,['K Jurkat'],Rott,119.0,2022-02-22
Frank Lehmann,The skeletal muscle chloride channel in dominant and recessive human myotonia,1992.0,"['MC Koch', ' K Steinmeyer', ' C Lorenz', ' K Ricker', ' F Wolf…']", Science,804.0,2022-02-22
Frank Lehmann,Physiological mechanisms of lysophosphatidylcholine‐induced de‐ramification of murine microglia,2004.0,"['T Schilling', ' F Lehmann', ' B Rückert…']", The Journal of …,69.0,2022-02-22
Frank Lehmann,Interleukins 12 and 15 induce cytotoxicity and early NK-cell differentiation in type 3 innate lymphoid cells,2017.0,"['A Raykova', ' P Carrega', ' FM Lehmann', ' R Ivanek…']", Blood …,23.0,2022-02-22
Frank Lehmann,Fatigue in inflammatory bowel disease and its impact on daily activities,2021.0,"['P Schreiner', ' JB Rossel', ' L Biedermann…']", Alimentary …,7.0,2022-02-22
Frank Lehmann,"Fluorescent ligands for optical sensing of alcohols: Synthesis and characterisation of pN, N-dialkylamino-trifluoroacetylstilbenes",1997.0,"['GJ Mohr', ' F Lehmann', ' UW Grummt…']", Analytica chimica …,64.0,2022-02-22
Frank Lehmann,Genotype-phenotype correlation and therapeutic rationale in hyperkalemic periodic paralysis,2007.0,['K Jurkat'],Rott,93.0,2022-02-22
Frank Lehmann,[HTML][HTML] Clinical and histopathological correlations of fecal calprotectin release in colorectal carcinoma,2014.0,"['FS Lehmann', ' F Trapani', ' I Fueglistaler…']", World journal of …,32.0,2022-02-22
Frank Lehmann,Core myopathies and risk of malignant hyperthermia,2009.0,"['W Klingler', ' H Rueffert', ' F Lehmann']",,87.0,2022-02-22
Frank Lehmann,Desis (dlr earth sensing imaging spectrometer for the iss-muses platform),2015.0,"['A Eckardt', ' J Horack', ' F Lehmann', ' D Krutz…']", … and remote sensing …,28.0,2022-02-22
Frank Lehmann,[HTML][HTML] mTOR signaling mediates ILC3-driven immunopathology,2021.0,"['C Teufel', ' E Horvath', ' A Peter', ' C Ercan…']", Mucosal …,,2022-02-22
Frank Lehmann,Localization of the malignant hyperthermia susceptibility locus to human chromosome 19ql2–13.2,1990.0,"['TV McCarthy', ' JM Healy', ' JJA Heffron', ' M Lehane…']", Nature,436.0,2022-02-22
Frank Lehmann,Monitoring of therapy for inflammatory bowel disease,2012.0,"['E Burri', ' C Beglinger', ' FS Lehmann']", Digestion,20.0,2022-02-22
Frank Lehmann,A calcium channel mutation causing hypokalemic periodic paralysis,1994.0,['K Jurkat'],Rott,369.0,2022-02-22
Frank Lehmann,[HTML][HTML] Pathophysiological role of omega pore current in channelopathies,2012.0,['K Jurkat'],Rott,65.0,2022-02-22
Frank Lehmann,Fecal calprotectin and the clinical activity index are both useful to monitor medical treatment in patients with ulcerative colitis,2015.0,"['E Burri', ' C Beglinger', ' S von Felten…']", Digestive diseases and …,32.0,2022-02-22
Frank Lehmann,Progressive development of diffuse liver hemangiomatosis,1999.0,"['FS Lehmann', ' C Beglinger', ' K Schnabel…']", Journal of …,42.0,2022-02-22
Frank Lehmann,Genetic polymorphisms associated with smoking behaviour predict the risk of surgery in patients with Crohn's disease,2018.0,"['BM Lang', ' L Biedermann…']", Alimentary …,18.0,2022-02-22
Frank Lehmann,Voltage-sensor sodium channel mutations cause hypokalemic periodic paralysis type 2 by enhanced inactivation and reduced current,2000.0,['K Jurkat'],Rott,301.0,2022-02-22
Frank Lehmann,"Effect of EpCAM, CD44, CD133 and CD166 expression on patient survival in tumours of the ampulla of Vater",2012.0,"['S Piscuoglio', ' FS Lehmann', ' I Zlobec', ' L Tornillo…']", Journal of clinical …,36.0,2022-02-22
Frank Lehmann,Verification of geophysical models in Alpine permafrost using borehole information,2000.0,"['DSV Mühll', ' C Hauck', ' F Lehmann']", Annals of Glaciology,57.0,2022-02-22
Frank Lehmann,Characteristics of the German uranium miners cohort study,2002.0,"['M Kreuzer', ' A Brachner', ' F Lehmann', ' K Martignoni…']", Health …,57.0,2022-02-22
Frank Lehmann,Carcinoembryonic antigen and ferritin in patients with lung cancer before and during therapy,1978.0,"['C Gropp', ' K Havemann', ' FG Lehmann']", Cancer,113.0,2022-02-22
Frank Lehmann,Hypokalaemic periodic paralysis type 2 caused by mutations at codon 672 in the muscle sodium channel gene SCN4A,2001.0,"['D Sternberg', ' T Maisonobe', ' K Jurkat']",Rott,250.0,2022-02-22
Frank Lehmann,"Novel Diode Laser‐compatible Fluorophores and Their Application to Single Molecule Detection, Protein Labeling and Fluorescence Resonance Energy Transfer …",2001.0,"['B Oswald', ' M Gruber', ' M Böhmer…']", Photochemistry and …,56.0,2022-02-22
Frank Lehmann,79-channel airborne imaging spectrometer,1993.0,"['SH Chang', ' MJ Westfield', ' F Lehmann…']", … spectrometry of the …,58.0,2022-02-22
Frank Lehmann,[HTML][HTML] Structural studies of the catalytic reaction pathway of a hyperthermophilic histidinol-phosphate aminotransferase,2004.0,"['FJ Fernandez', ' MC Vega', ' F Lehmann…']", Journal of Biological …,38.0,2022-02-22
Frank Lehmann,Helicobacter pylori and gastric erosions,2000.0,"['FS Lehmann', ' EL Renner', ' B Meyer']",,43.0,2022-02-22
Frank Lehmann,Impact of COX-2 inhibitors in common clinical practice a gastroenterologist's perspective,2005.0,"['FS Lehmann', ' C Beglinger']", Current Topics in Medicinal …,25.0,2022-02-22
Frank Lehmann,Ion channel defects in idiopathic epilepsies,2005.0,"['H Lerche', ' YG Weber', ' K Jurkat']",,106.0,2022-02-22
Frank Lehmann,The impact of splice isoforms on voltage‐gated calcium channel α1 subunits,2004.0,"['K Jurkat‐Rott', ' F Lehmann‐Horn']", The Journal of physiology,97.0,2022-02-22
Frank Lehmann,Passive muscle stiffness may be influenced by active contractility of intramuscular connective tissue,2006.0,"['R Schleip', ' IL Naylor', ' D Ursu', ' W Melzer', ' A Zorn…']", Medical hypotheses,206.0,2022-02-22
Frank Lehmann,Overexcited or inactive: ion channels in muscle disease,1995.0,"['EP Hoffman', ' F Lehmann']",Horn,153.0,2022-02-22
Frank Lehmann,Effects of growth factors and trefoil peptides on migration and replication in primary oxyntic cultures,1999.0,"['K Kato', ' MC Chen', ' M Nguyen…']", American Journal …,72.0,2022-02-22
Frank Lehmann,Exploring the molecular-level architecture of the active compounds in liquisolid drug delivery systems based on mesoporous silica particles: old tricks for new …,2017.0,"['J Brus', ' W Albrecht', ' F Lehmann', ' J Geier…']", Molecular …,17.0,2022-02-22
Frank Lehmann,3D radial projection technique with ultrashort echo times for sodium MRI: clinical applications in human brain and skeletal muscle,2007.0,"['S Nielles‐Vallespin', ' MA Weber', ' M Bock…']", … in Medicine: An …,193.0,2022-02-22
Frank Lehmann,Mononuclear cells and cytokines stimulate gastrin release from canine antral cells in primary culture,1996.0,"['FS Lehmann', ' EH Golodner', ' J Wang…']", American Journal …,78.0,2022-02-22
Frank Lehmann,Rapid and easy access to indoles via microwave-assisted Hemetsberger–Knittel synthesis,2009.0,"['F Lehmann', ' M Holm', ' S Laufer']", Tetrahedron Letters,41.0,2022-02-22
Frank Lehmann,"Mutations in STX1B, encoding a presynaptic protein, cause fever-associated epilepsy syndromes",2014.0,"['J Schubert', ' A Siekierska', ' M Langlois', ' P May…']", Nature …,168.0,2022-02-22
Frank Lehmann,A spectrum of histopathologic findings in autoimmune liver disease,2000.0,"['LM Terracciano', ' RA Patzina…']", American journal of …,46.0,2022-02-22
Frank Lehmann,A randomized trial of 4-aminopyridine in EA2 and related familial episodic ataxias,2011.0,"['M Strupp', ' R Kalla', ' J Claassen', ' C Adrion', ' U Mansmann…']", Neurology,169.0,2022-02-22
Frank Lehmann,Genotype-phenotype correlations in human skeletal muscle sodium channel diseases,1993.0,"['R Rüdel', ' K Ricker', ' F Lehmann']",,112.0,2022-02-22
Frank Lehmann,"K+-dependent paradoxical membrane depolarization and Na+ overload, major and reversible contributors to weakness by ion channel leaks",2009.0,['K Jurkat'],Rott,168.0,2022-02-22
Frank Lehmann,A multistage mathematical programming based scheduling approach for the photolithography area in semiconductor manufacturing,2010.0,"['A Klemmt', ' J Lange', ' G Weigert…']", Proceedings of the …,31.0,2022-02-22
Frank Lehmann,Hypokalemic periodic paralysis: in vitro investigation of muscle fiber membrane parameters,1984.0,"['R Rüdel', ' F Lehmann‐Horn', ' K Ricker…']", Muscle & Nerve …,193.0,2022-02-22
Frank Lehmann,Identification of four novel mutations in the C-terminal membrane spanning domain of the ryanodine receptor 1: association with central core disease and alteration of …,2001.0,"['N Tilgen', ' F Zorzato', ' B Halliger']",,178.0,2022-02-22
Frank Lehmann,[HTML][HTML] Confirmation of the type 2 myotonic dystrophy (CCTG) n expansion mutation in patients with proximal myotonic myopathy/proximal myotonic dystrophy of …,2003.0,"['LL Bachinski', ' B Udd', ' G Meola', ' V Sansone…']", The American Journal of …,148.0,2022-02-22
Frank Lehmann,"Comparative analysis of brain structure, metabolism, and cognition in myotonic dystrophy 1 and 2",2010.0,"['YG Weber', ' R Roebling', ' J Kassubek', ' S Hoffmann…']", Neurology,128.0,2022-02-22
Frank Lehmann,Strain hardening of fascia: static stretching of dense fibrous connective tissues can induce a temporary stiffness increase accompanied by enhanced matrix hydration,2012.0,"['R Schleip', ' L Duerselen', ' A Vleeming', ' IL Naylor…']", Journal of bodywork and …,122.0,2022-02-22
Frank Lehmann,Adynamia episodica hereditaria with myotonia: a non‐inactivating sodium current and the effect of extracellular pH,1987.0,"['F Lehmann‐Horn', ' G Küther', ' K Ricker…']", Muscle & Nerve …,205.0,2022-02-22
Frank Lehmann,Proximal myotonic myopathy: clinical features of a multisystem disorder similar to myotonic dystrophy,1995.0,"['K Ricker', ' MC Koch', ' F Lehmann']",,191.0,2022-02-22
Frank Lehmann,A G301R Na+/K+-ATPase mutation causes familial hemiplegic migraine type 2 with cerebellar signs,2004.0,"['M Spadaro', ' S Ursu', ' F Lehmann']",Horn,147.0,2022-02-22
Frank Lehmann,Peripheral nerve hyperexcitability due to dominant-negative KCNQ2 mutations,2007.0,"['TV Wuttke', ' K Jurkat']",Rott,123.0,2022-02-22
Frank Lehmann,Prognostic Value of Cell Cycle and Apoptosis Regulatory Proteins in Mismatch Repair–Proficient Colorectal Cancer: A Tissue Microarray–Based Approach,2007.0,"['L Tornillo', ' A Lugli', ' I Zlobec', ' N Willi…']", American journal of …,33.0,2022-02-22
Frank Lehmann,Myotonia fluctuans: a third type of muscle sodium channel disease,1994.0,"['K Ricker', ' RT Moxley', ' R Heine…']", Archives of …,160.0,2022-02-22
Frank Lehmann,"4-Chloro-m-cresol, a potent and specific activator of the skeletal muscle ryanodine receptor",1996.0,['A Herrmann'],Frank,168.0,2022-02-22
Frank Lehmann,Nondystrophic myotonias and periodic paralyses,2004.0,['F Lehmann'],Horn,129.0,2022-02-22
Frank Lehmann,PRRT2 Mutations are the major cause of benign familial infantile seizures,2012.0,"['J Schubert', ' R Paravidino', ' F Becker', ' A Berger…']", Human …,109.0,2022-02-22
Frank Lehmann,Periodic paralysis: understanding channelopathies,2002.0,['F Lehmann'],Horn,69.0,2022-02-22
Frank Lehmann,Ion channels and ion transporters of the transverse tubular system of skeletal muscle,2006.0,['K Jurkat'],Rott,48.0,2022-02-22
Frank Lehmann,3 Tesla sodium inversion recovery magnetic resonance imaging allows for improved visualization of intracellular sodium content changes in muscular …,2011.0,"['AM Nagel', ' E Amarteifio', ' F Lehmann']",,88.0,2022-02-22
Frank Lehmann,Hereditary nondystrophic myotonias and periodic paralyses,1995.0,['F Lehmann'],Horn,70.0,2022-02-22
Frank Lehmann,Sodium (23Na) MRI detects elevated muscular sodium concentration in Duchenne muscular dystrophy,2011.0,"['MA Weber', ' AM Nagel', ' K Jurkat']",Rott,79.0,2022-02-22
Frank Lehmann,Paroxysmal muscle weakness-the familial periodic paralyses,2006.0,['K Jurkat'],Rott,48.0,2022-02-22
Frank Lehmann,[HTML][HTML] Vascular endothelial growth factor A amplification in colorectal cancer is associated with reduced M1 and M2 macrophages and diminished PD-1-expressing …,2017.0,"['K Burmeister', ' L Quagliata', ' M Andreozzi…']", PLoS …,14.0,2022-02-22
Frank Lehmann,Screening of the Ryanodine Receptor Gene in 105 Malignant Hyperthermia Families: Novel Mutations and Concordance with the              in Vitro              Contracture …,1999.0,"['A Brandt', ' L Schleithoff', ' K Jurkat']",,151.0,2022-02-22
Frank Lehmann,A novel SCN4A mutation causing myotonia aggravated by cold and potassium,1993.0,"['R Heine', ' U Plka', ' F Lehmann']",,145.0,2022-02-22
Frank Lehmann,[HTML][HTML] Multiplexed in vivo fluorescence optical imaging of the therapeutic efficacy of photodynamic therapy,2013.0,"['K Haedicke', ' S Gräfe', ' F Lehmann', ' I Hilger']", Biomaterials,21.0,2022-02-22
Frank Lehmann,[HTML][HTML] Stromal interferon-γ signaling and cross-presentation are required to eliminate antigen-loss variants of B cell lymphomas in mice,2012.0,"['A Gerbitz', ' M Sukumar', ' F Helm', ' A Wilke', ' C Friese…']", PLoS …,21.0,2022-02-22
Frank Lehmann,Application of potential-sensitive fluorescent dyes in anion and cation-sensitive polymer membranes,1997.0,"['GJ Mohr', ' I Murkovic', ' F Lehmann', ' C Haider…']", Sensors and Actuators B …,33.0,2022-02-22
Frank Lehmann,Immunological relationship between human placentae and intestinal alkaline phosphatase,1975.0,['FG Lehmann'], Clinica Chimica Acta,83.0,2022-02-22
Frank Lehmann,[HTML][HTML] Hypokalemic periodic paralysis,2018.0,"['F Weber', ' F Lehmann']",,25.0,2022-02-22
Frank Lehmann,Effect of alumina particle morphology used for air abrasion on loss of enamel and luting composite resin,2021.0,"['L Türp', ' N Bartels', ' S Wille', ' F Lehmann', ' M Kern']", Dental Materials,,2022-02-22
Frank Lehmann,Hereditary channelopathies in neurology,2010.0,['K Jurkat'],Rott,39.0,2022-02-22
Frank Lehmann,Permanent muscular sodium overload and persistent muscle edema in Duchenne muscular dystrophy: a possible contributor of progressive muscle degeneration,2012.0,"['MA Weber', ' AM Nagel', ' MB Wolf', ' K Jurkat']",,59.0,2022-02-22
Frank Lehmann,In Vivo 35Cl MR Imaging in Humans: A Feasibility Study,2014.0,"['AM Nagel', ' F Lehmann']",Horn,55.0,2022-02-22
Frank Lehmann,Counting the number of points on elliptic curves over finite fields of characteristic greater than three,1994.0,"['F Lehmann', ' M Maurer', ' V Müller', ' V Shoup']", … Algorithmic Number Theory …,50.0,2022-02-22
Frank Lehmann,[HTML][HTML] Functional and genetic characterization of clinical malignant hyperthermia crises: a multi-centre study,2014.0,"['W Klingler', ' S Heiderich', ' T Girard…']", Orphanet journal of …,54.0,2022-02-22
Frank Lehmann,Current role of Helicobacter pylori stool tests,2003.0,"['FS Lehmann', ' C Beglinger']", Digestion,15.0,2022-02-22
Frank Lehmann,Acetazolamide-responsive exercise-induced episodic ataxia associated with a novel homozygous DARS2 mutation,2011.0,"['M Synofzik', ' J Schicks', ' T Lindig', ' S Biskup…']", Journal of medical …,63.0,2022-02-22
Frank Lehmann,A chromoreactand for optical sensing of amphetamines,2002.0,"['GJ Mohr', ' M Wenzel', ' F Lehmann', ' P Czerney']", Analytical and bioanalytical …,25.0,2022-02-22
Frank Lehmann,Muscle Na+ channelopathies: MRI detects intracellular 23Na accumulation during episodic weakness,2006.0,"['MA Weber', ' S Nielles']",Vallespin,77.0,2022-02-22
Frank Lehmann,[HTML][HTML] Diagnostic yield of endoscopy in patients with abdominal complaints: incremental value of faecal calprotectin on guidelines of appropriateness,2014.0,"['E Burri', ' M Manz', ' P Schroeder…']", BMC …,17.0,2022-02-22
Frank Lehmann,Durability of resin bonding to lithium disilicate using different self-etching and conventional ceramic primers after long-term aging,2022.0,"['S Wille', ' F Lehmann', ' M Kern']", Dental Materials,,2022-02-22
Frank Lehmann,[HTML][HTML] Characterization of hyperkalemic periodic paralysis: a survey of genetically diagnosed individuals,2013.0,"['G Charles', ' C Zheng', ' F Lehmann']",Horn,48.0,2022-02-22
Frank Lehmann,Langerhans cell histiocytosis of the stomach with atypical morphological features,1999.0,"['L Terracciano', ' T Kocher', ' G Cathomas…']", Pathology …,24.0,2022-02-22
Frank Lehmann,Neuromuscular transmission in the mdx mouse,1990.0,"['A Nagel', ' F Lehmann‐Horn…']", Muscle & Nerve: Official …,78.0,2022-02-22
Frank Lehmann,Laboratory measurements of atmospheric temperature and backscatter ratio using a high-spectral-resolution lidar technique,1986.0,"['FJ Lehmann', ' SA Lee', ' CY She']", Optics letters,25.0,2022-02-22
Frank Lehmann,Quantification of brain atrophy in patients with myotonic dystrophy and proximal myotonic myopathy: a controlled 3-dimensional magnetic resonance imaging study,2003.0,"['J Kassubek', ' FD Juengling', ' S Hoffmann…']", Neuroscience …,77.0,2022-02-22
Frank Lehmann,MACS-Modular Airborne Camera System for generating photogrammetric high-resolution products,2011.0,"['F Lehmann', ' R Berger', ' J Brauchle', ' D Hein…']", Photogrammetrie …,19.0,2022-02-22
Frank Lehmann,NaV1. 4 mutations cause hypokalaemic periodic paralysis by disrupting IIIS4 movement during recovery,2014.0,"['JR Groome', ' F Lehmann']",Horn,53.0,2022-02-22
Frank Lehmann,Two cases of adynamia episodica hereditaria: in vitro investigation of muscle cell membrane and contraction parameters,1983.0,"['F Lehmann‐Horn', ' R Rüdel', ' K Ricker…']", Muscle & Nerve …,112.0,2022-02-22
Frank Lehmann,[HTML][HTML] Targeting c-MYC with T-cells,2013.0,"['F Helm', ' T Kammertoens', ' FM Lehmann', ' A Wilke…']", PloS one,15.0,2022-02-22
Frank Lehmann,Investigations of SCIO-469-like compounds for the inhibition of p38 MAP kinase,2009.0,"['S Laufer', ' F Lehmann']", Bioorganic & Medicinal Chemistry Letters,19.0,2022-02-22
Frank Lehmann,Enhanced inactivation and pH sensitivity of Na+ channel mutations causing hypokalaemic periodic paralysis type II,2002.0,"['A Kuzmenkin', ' V Muncan', ' K Jurkat‐Rott', ' C Hang…']", Brain,88.0,2022-02-22
Frank Lehmann,Comparison of stool immunoassay with standard methods for detecting Helicobacter pylori infection,1999.0,"['F Lehmann', ' J Drewe', ' L Terracciano', ' R Stuber', ' R Frei…']", Bmj,43.0,2022-02-22
Frank Lehmann,Human muscle voltage-gated ion channels and hereditary disease,2001.0,['K Jurkat'],Rott,46.0,2022-02-22
Frank Lehmann,Myotonia levior is a chloride channel disorder,1995.0,['F Lehmann'],Horn,97.0,2022-02-22
Frank Lehmann,Selective blockage of Kv1.3 and Kv3.1 channels increases neural progenitor cell proliferation,2006.0,"['S Liebau', ' C Pröpper', ' T Böckers…']", Journal of …,73.0,2022-02-22
Frank Lehmann,True topographic 2-D migration of georadar data,1998.0,"['F Lehmann', ' DV Mühll', ' M Veen', ' P Wild…']", Symposium on the …,23.0,2022-02-22
Frank Lehmann,Preprocessing for the digital airborne imaging spectrometer DAIS 7915,1996.0,"['P Strobl', ' R Richter', ' F Lehmann…']", … for Multispectral and …,36.0,2022-02-22
Frank Lehmann,Hyperkalemic Periodic Paralysis and Permanent Weakness: 3-T MR Imaging Depicts Intracellular 23Na Overload—Initial Results,2012.0,"['E Amarteifio', ' AM Nagel', ' MA Weber', ' K Jurkat']",,47.0,2022-02-22
Frank Lehmann,Synthesis of amphiphilic styrylpyridinium and styrylquinolinium hemicyanines and merocyanines,1995.0,"['F Lehmann', ' GJ Mohr', ' P Czerney', ' UW Grummt']", Dyes and pigments,31.0,2022-02-22
Frank Lehmann,Letter to the Editor concerning “A hypothesis of chronic back pain: ligament subfailure injuries lead to muscle control dysfunction”(M. Panjabi),2007.0,"['R Schleip', ' A Vleeming', ' F Lehmann']",,56.0,2022-02-22
Frank Lehmann,Synthesis and characterization of fluorophore-absorber pairs for sensing of ammonia based on fluorescence,1998.0,"['GJ Mohr', ' S Draxler', ' K Trznadel', ' F Lehmann…']", Analytica chimica …,31.0,2022-02-22
Frank Lehmann,An apamin-and scyllatoxin-insensitive isoform of the human SK3 channel,2004.0,"['OH Wittekindt', ' V Visan', ' H Tomita', ' F Imtiaz…']", Molecular …,67.0,2022-02-22
Frank Lehmann,Early-onset familial hemiplegic migraine due to a novel SCN1A mutation,2016.0,"['C Fan', ' S Wolking', ' F Lehmann']",,42.0,2022-02-22
Frank Lehmann,Transient weakness and compound muscle action potential decrement in myotonia congenita,1998.0,"['F Deymeer', ' S Çakirkaya', ' P Serdaroğlu…']", Muscle & Nerve …,69.0,2022-02-22
Frank Lehmann,Roles and rights management concept with identification by electronic identity card,2010.0,"['B Brandherm', ' J Haupert', ' A Kröner…']", IEEE …,21.0,2022-02-22
Frank Lehmann,Immunological methods for human placental alkaline phosphatase (Regan isoenzyme),1975.0,['FG Lehmann'], Clinica Chimica Acta,42.0,2022-02-22
Frank Lehmann,Investigation of potential-sensitive fluorescent dyes for application in nitrate sensitive polymer membranes,1997.0,"['GJ Mohr', ' F Lehmann', ' R Östereich', ' I Murkovic…']", Fresenius' journal of …,25.0,2022-02-22
Frank Lehmann,[HTML][HTML] Role of tumor size in the pre-operative management of rectal cancer patients,2010.0,"['I Zlobec', ' P Minoo…']", BMC …,17.0,2022-02-22
Frank Lehmann,Fura-2 detected myoplasmic calcium and its correlation with contracture force in skeletal muscle from normal and malignant hyperthermia susceptible pigs,1988.0,"['PA Iaizzo', ' W Klein', ' F Lehmann']",,108.0,2022-02-22
Frank Lehmann,[HTML][HTML] Functional characterization of a distinct ryanodine receptor mutation in human malignant hyperthermia-susceptible muscle,1997.0,"['M Richter', ' L Schleithoff', ' T Deufel…']", Journal of Biological …,99.0,2022-02-22
Frank Lehmann,New Indigoid Compounds by Reduction of Bis-Imidoylchlorides of Oxalic Acid–A Further Evidence for Dimeric Isocyanides?,1999.0,"['M Wenzel', ' F Lehmann', ' R Beckert', ' W Günther…']", Monatshefte für Chemie …,17.0,2022-02-22
Frank Lehmann,Membrane defects in paramyotonia congenita (Eulenburg),1987.0,"['F Lehmann‐Horn', ' R Rüdel…']", Muscle & Nerve: Official …,117.0,2022-02-22
Frank Lehmann,Membrane defects in paramyotonia congenita with and without myotonia in a warm environment,1981.0,"['F Lehmann‐Horn', ' R Rüdel', ' R Dengler…']", Muscle & Nerve …,100.0,2022-02-22
Frank Lehmann,[HTML][HTML] The impact of permanent muscle weakness on quality of life in periodic paralysis: a survey of 66 patients,2012.0,['D Cavel'],Greant,37.0,2022-02-22
Frank Lehmann,"Human alkaline phosphatases. Evidence of three isoenzymes (placental, intestinal and liver-bone-kidney-type) by lectin-binding affinity and immunological specificity",1980.0,['FG Lehmann'],,43.0,2022-02-22
Frank Lehmann,German cooperation-network 'equity in health'—health promotion in settings,2018.0,"['A Mielck', ' H Kilian', ' F Lehmann…']", Health Promotion …,11.0,2022-02-22
Frank Lehmann,Transient compartment-like syndrome and normokalaemic periodic paralysis due to a Cav1.1 mutation,2013.0,"['C Fan', ' F Lehmann']",Horn,38.0,2022-02-22
Frank Lehmann,Differences in outcomes reported by patients with inflammatory bowel diseases vs their health care professionals,2019.0,"['VEH Pittet', ' MH Maillard', ' T Simonson', ' N Fournier…']", Clinical …,6.0,2022-02-22
Frank Lehmann,H. pylori stimulates gastrin release from canine  antral cells in primary culture,1998.0,"['FS Lehmann', ' N Schiller', ' T Cover…']", American Journal …,18.0,2022-02-22
Frank Lehmann,Novel muscle chloride channel mutations and their effects on heterozygous carriers.,1996.0,"['V Mailänder', ' R Heine', ' F Deymeer…']", American journal of …,82.0,2022-02-22
Frank Lehmann,Transient weakness and altered membrane characteristic in recessive generalized myotonia (Becker),1988.0,"['R Rüdel', ' K Ricker…']", Muscle & Nerve: Official …,86.0,2022-02-22
Frank Lehmann,Structural investigation of ACE2 dependent disassembly of the trimeric SARS-CoV-2 Spike glycoprotein,2020.0,"['D Ni', ' K Lau', ' F Lehmann', ' A Fränkl', ' D Hacker', ' F Pojer… ']",,4.0,2022-02-22
Frank Lehmann,[BOOK][B] E-business: Grundlagen elektronischer Geschäftsprozesse im Web 2.0,2010.0,"['M Bächle', ' FR Lehmann ']",,51.0,2022-02-22
Frank Lehmann,Myotonia fluctuans,1990.0,"['K Ricker', ' F Lehmann']",Horn,84.0,2022-02-22
Frank Lehmann,Linkage data suggesting allelic heterogeneity for paramyotonia congenita and hyperkalemic periodic paralysis on chromosome 17,1991.0,"['MC Koch', ' K Ricker', ' M Otto', ' T Grimm', ' K Bender', ' B Zoll…']", Human genetics,84.0,2022-02-22
Frank Lehmann,7-T 35Cl and 23Na MR Imaging for Detection of                    Mutation-dependent Alterations in Muscular Edema and Fat Fraction with Sodium                    and Chloride …,2016.0,"['MA Weber', ' AM Nagel', ' AM Marschar', ' P Glemser…']", Radiology,27.0,2022-02-22
Frank Lehmann,Polarization immunoassays using reactive ruthenium metal-ligand complexes as luminescent labels,2002.0,"['A Dürkop', ' F Lehmann', ' OS Wolfbeis']", Analytical and bioanalytical …,25.0,2022-02-22
Frank Lehmann,Schwartz–Jampel syndrome: II. Na+ channel defect causes myotonia,1990.0,"['F Lehmann‐Horn', ' PA Iaizzo', ' C Frane…']", Muscle & Nerve …,71.0,2022-02-22
Frank Lehmann,Development of a novel low-cost NIR gated-viewing sensor for maritime search and rescue applications,2019.0,"['E Peters', ' J Schmidt', ' Z Jurányi…']",,5.0,2022-02-22
Frank Lehmann,[HTML][HTML] Calcium currents and transients of native and heterologously expressed mutant skeletal muscle DHP receptor α1 subunits (R528H),1998.0,['K Jurkat'],Rott,68.0,2022-02-22
Frank Lehmann,Effects of temperature and mexiletine on the F1473S Na+ channel mutation causing paramyotonia congenita,1998.0,"['R Fleischhauer', ' N Mitrovic', ' F Deymeer…']", Pflügers Archiv,58.0,2022-02-22
Frank Lehmann,Drug‐induced myotonia in human intercostal muscle,1988.0,"['H Kwiecińaski', ' F Lehmann‐Horn…']", Muscle & Nerve: Official …,64.0,2022-02-22
Frank Lehmann,Enhanced inactivation and acceleration of activation of the sodium channel associated with epilepsy in man,2001.0,"['AK Alekov', ' MDM Rahman', ' N Mitrovic…']", European Journal of …,84.0,2022-02-22
Frank Lehmann,4-Chloro-m-cresol: a specific tool to distinguish between malignant hyperthermia-susceptible and normal muscle,1996.0,['A Hermann'],Frank,68.0,2022-02-22
Frank Lehmann,Tailor-made dyes for fluorescence correlation spectroscopy (FCS),2001.0,"['P Czerney', ' F Lehmann', ' M Wenzel', ' V Buschmann… ']",,20.0,2022-02-22
Frank Lehmann,A novel runtime algorithm for the real-time analysis and detection of unexpected changes in a real-size SHM network with quasi-distributed FBG sensors,2021.0,"['FIH Sakiyama', ' F Lehmann', ' H Garrecht']", Sensors,1.0,2022-02-22
Frank Lehmann,Adynamia episodica hereditaria: what causes the weakness?,1989.0,"['K Ricker', ' LM Camacho', ' P Grafe…']", Muscle & Nerve …,68.0,2022-02-22
Frank Lehmann,Nanotechnology for neuronal ion channels,2003.0,['F Lehmann'],Horn,29.0,2022-02-22
Frank Lehmann,[HTML][HTML] Rationale for treating oedema in Duchenne muscular dystrophy with eplerenone,2012.0,['F Lehmann'],Horn,33.0,2022-02-22
Frank Lehmann,Disease‐causing mutations C277R and C277Y modify gating of human ClC‐1 chloride channels in myotonia congenita,2012.0,"['S Weinberger', ' D Wojciechowski…']", The Journal of …,32.0,2022-02-22
Frank Lehmann,Authorized access on and interaction with digital product memories,2010.0,"['B Brandherm', ' J Haupert', ' A Kroner…']", IEEE …,16.0,2022-02-22
Frank Lehmann,Characterization of an affordable and compact gated-viewing system for maritime search and rescue applications,2020.0,"['Z Jurányi', ' J Schmidt', ' E Peters…']",,3.0,2022-02-22
Frank Lehmann,"The resting membrane parameters of human intercostal muscle at low, normal, and high extracellular potassium",1984.0,"['H Kwieciński', ' F Lehmann‐Horn…']", Muscle & Nerve: Official …,56.0,2022-02-22
Frank Lehmann,[HTML][HTML] GLUT1 mutations are a cause of paroxysmal exertion-induced dyskinesias and induce hemolytic anemia by a cation leak,2008.0,"['YG Weber', ' A Storch', ' TV Wuttke…']", The Journal of …,351.0,2022-02-22
Frank Lehmann,"Comparison of force-velocity profiles of the leg-extensors for elite athletes in the throwing events relating to gender, age and event",2019.0,"['A Schleichardt', ' M Badura', ' F Lehmann…']", Sports …,4.0,2022-02-22
Frank Lehmann,Periodic paralysis mutation MiRP2-R83H in controls: Interpretations and general recommendation,2004.0,['K Jurkat'],Rott,56.0,2022-02-22
Frank Lehmann,Channelopathies: the nondystrophic myotonias and periodic paralyses,1996.0,['F Lehmann'],Horn,31.0,2022-02-22
Frank Lehmann,Early detection of hepatoma: prospective study in liver cirrhosis using passive hemagglutination and the radioimmunoassay.,1975.0,['FG Lehmann'], Annals of the New York Academy of Sciences,28.0,2022-02-22
Frank Lehmann,Proof of a non-functional muscle chloride channel in recessive myotonia congenita (Becker) by detection of a 4 base pair deletion,1994.0,"['R Heine', ' AL George Jr', ' U Pika…']", Human Molecular …,79.0,2022-02-22
Frank Lehmann,Benign familial infantile convulsions: linkage to chromosome 16p12‐q12 in 14 families,2004.0,"['YG Weber', ' A Berger', ' N Bebek', ' S Maier…']", …,53.0,2022-02-22
Frank Lehmann,"3, 4-Methylenedioxymethamphetamine (ecstasy) activates skeletal muscle nicotinic acetylcholine receptors",2005.0,"['W Klingler', ' JJA Heffron', ' K Jurkat']",,45.0,2022-02-22
Frank Lehmann,Functional characterization of ryanodine receptor (RYR1) sequence variants using a metabolic assay in immortalized B‐lymphocytes,2009.0,"['A Zullo', ' W Klingler', ' C De Sarno', ' M Ferrara…']", Human …,31.0,2022-02-22
Frank Lehmann,Efficacy of different surface treatments for intraoral repair of veneered zirconia frameworks,2017.0,"['W Libecki', ' A Elsayed', ' F Lehmann', ' M Kern']", J Adhes Dent,8.0,2022-02-22
Frank Lehmann,Decreased expression of breast cancer resistance protein in the duodenum in patients with obstructive cholestasis,2006.0,"['C Zimmermann', ' P Hruz', ' H Gutmann', ' L Terracciano…']", Digestion,15.0,2022-02-22
Frank Lehmann,Genetic heterogeneity in hypokalemic periodic paralysis (hypoPP),1994.0,"['E Plassart', ' A Elbaz', ' JV Santos', ' J Reboul', ' P Lapie…']", Human genetics,61.0,2022-02-22
Frank Lehmann,Evaluation of Patients with Paramyotonia at 23Na MR Imaging during Cold-induced Weakness1,2006.0,"['MA Weber', ' S Nielles']",Vallespin,42.0,2022-02-22
Frank Lehmann,Familial cramp due to potassium-aggravated myotonia,1998.0,"['RW Orrell', ' K Jurkat']",Rott,41.0,2022-02-22
Frank Lehmann,Gesundheitsförderung in den Lebenswelten gemeinsam stärken,2016.0,"['H Kilian', ' F Lehmann', ' A Richter']",,24.0,2022-02-22
Frank Lehmann,Mechanisms of cold sensitivity of paramyotonia congenita mutation R1448H and overlap syndrome mutation M1360V,2003.0,"['B Mohammadi', ' N Mitrovic…']", The Journal of …,38.0,2022-02-22
Frank Lehmann,Fusion of HyMap hyperspectral with HRSC-A multispectral and DEM data for geoscientific and environmental applications,2000.0,"['T Bucher', ' F Lehmann']", … Symposium. Taking the Pulse of the …,14.0,2022-02-22
Frank Lehmann,[HTML][HTML] Two-dimensional and three-dimensional oxygen mapping by 3He-MRI validation in a lung phantom,2005.0,"['KK Gast', ' WG Schreiber', ' A Herweling', ' F Lehmann…']", European …,16.0,2022-02-22
Frank Lehmann,Preferred mexiletine block of human sodium channels with IVS4 mutations and its pH-dependence,2005.0,"['B Mohammadi', ' K Jurkat']",Rott,37.0,2022-02-22
Frank Lehmann,Diagnosis of peritonitis using near-infrared optical imaging of in vivo labeled monocytes-macrophages,2006.0,"['MR Lisy', ' E Schuler', ' F Lehmann…']", Journal of …,13.0,2022-02-22
Frank Lehmann,Clinical study of paramyotonia congenita with and without myotonia in a warm environment,1981.0,"['A Haass', ' K Ricker', ' R Rüdel…']", Muscle & Nerve …,50.0,2022-02-22
Frank Lehmann,Open-and closed-state fast inactivation in sodium channels: differential effects of a site-3 anemone toxin,2011.0,"['J Groome', ' F Lehmann']",Horn,26.0,2022-02-22
Frank Lehmann,"The dominant chloride channel mutant G200R causing fluctuating myotonia: clinical findings, electrophysiology, and channel pathology",1998.0,"['S Wagner', ' F Deymeer', ' LL Kürz', ' S Benz…']", Muscle & Nerve …,57.0,2022-02-22
Frank Lehmann,Local calcium signals induced by hyper-osmotic stress in mammalian skeletal muscle cells,2009.0,"['S Apostol', ' D Ursu', ' F Lehmann']",,33.0,2022-02-22
Frank Lehmann,Enhancement of K+ conductance improves in vitro the contraction force of skeletal muscle in hypokalemic periodic paralysis,1990.0,"['P Grafe', ' S Quasthoff', ' M Strupp…']", Muscle & Nerve …,60.0,2022-02-22
Frank Lehmann,Cooperative effect of S4–S5 loops in domains D3 and D4 on fast inactivation of the Na+ channel,2004.0,"['M Oana Popa', ' AK Alekov', ' S Bail…']", The Journal of …,38.0,2022-02-22
Frank Lehmann,Neutralization of a negative charge in the S1–S2 region of the KV7.2 (KCNQ2) channel affects voltage‐dependent activation in neonatal epilepsy,2008.0,"['TV Wuttke', ' J Penzien', ' M Fauler…']", The Journal of …,33.0,2022-02-22
Frank Lehmann,Analysis of LANDSAT TM images of Chernobyl,1986.0,"['R Richter', ' F Lehmann', ' R Haydn…']", International journal of …,17.0,2022-02-22
Frank Lehmann,Activation of the skeletal muscle ryanodine receptor by suramin and suramin analogs.,1996.0,"['M Hohenegger', ' M Matyash…']", Molecular …,36.0,2022-02-22
Frank Lehmann,[BOOK][B] Fachlicher Entwurf von Workflow-Management-Anwendungen,2013.0,['FR Lehmann '],,43.0,2022-02-22
Frank Lehmann,[HTML][HTML] NaV1. 4 DI-S4 periodic paralysis mutation R222W enhances inactivation and promotes leak current to attenuate action potentials and depolarize muscle …,2018.0,['L Bayless'],Edwards,11.0,2022-02-22
Frank Lehmann,[HTML][HTML] Myotonia permanens with Nav1. 4-G1306E displays varied phenotypes during course of life,2017.0,['F Lehmann'],Horn,15.0,2022-02-22
Frank Lehmann,Expression in mammalian cells and electrophysiological characterization of two mutant Kv1. 1 channels causing episodic ataxia type 1 (EA‐1),1999.0,"['F Bretschneider', ' A Wrisch…']", European Journal of …,44.0,2022-02-22
Frank Lehmann,[BOOK][B] Containment technology,2013.0,"['HJ Bässler', ' F Lehmann ']",,8.0,2022-02-22
Frank Lehmann,Chloride conductance in mouse muscle is subject to post‐transcriptional compensation of the functional Cl− channel 1 gene dosage,1997.0,"['M Chen', ' R Niggeweg', ' PA Iaizzo…']", The Journal of …,38.0,2022-02-22
Frank Lehmann,Cromakalim (BRL 34915) restores in vitro the membrane potential of depolarized human skeletal muscle fibres,1989.0,"['A Spuler', ' F Lehmann']",Horn,71.0,2022-02-22
Frank Lehmann,Fusion of airborne hyperspectral and multispectral images,1996.0,"['B Zhukov', ' D Oertel', ' P Strobl…']", … for Multispectral and …,13.0,2022-02-22
Frank Lehmann,Role of pantoprazole in the treatment of gastro-oesophageal reflux disease,2005.0,"['FS Lehmann', ' C Beglinger']", Expert Opinion on Pharmacotherapy,6.0,2022-02-22
Frank Lehmann,Membrane excitability and excitation–contraction uncoupling in muscle fatigue,2012.0,"['M Fauler', ' K Jurkat']",Rott,18.0,2022-02-22
Frank Lehmann,"In vivo sodium channel structure/function studies: consecutive Arg1448 changes to Cys, His, and Pro at the extracellular surface of IVS4",1995.0,"['J Wang', ' V Dubowitz', ' F Lehmann']",,30.0,2022-02-22
Frank Lehmann,High-throughput SEM preparation of proteinaceaous extracellular matrix,2009.0,"['M Wiegemann', ' F Lehmann']", Journal of materials science,9.0,2022-02-22
Frank Lehmann,The in vitro determination of susceptibility to malignant hyperthermia,1989.0,"['PA Iaizzo', ' F Lehmann‐Horn']", … & Nerve: Official Journal of the …,26.0,2022-02-22
Frank Lehmann,Mutant channels contribute <50% to Na+ current in paramyotonia congenita muscle,1999.0,"['N Mitrovic', ' AL George Jr', ' R Rüdel', ' F Lehmann']",,36.0,2022-02-22
Frank Lehmann,Genomic structure and functional expression of a human α2/δ calcium channel subunit gene (CACNA2),1999.0,"['L Schleithoff', ' G Mehrke', ' B Reutlinger', ' F Lehmann']",,28.0,2022-02-22
Frank Lehmann,Altered stress stimulation of inward rectifier potassium channels in Andersen‐Tawil syndrome,2012.0,"['G Seebohm', ' N Strutz‐Seebohm', ' ON Ursu…']", The FASEB …,23.0,2022-02-22
Frank Lehmann,Strategische Budgetierung,1994.0,['FO Lehmann'], Strategische Planung,41.0,2022-02-22
Frank Lehmann,Contractile elements in muscular fascial tissue–implications for in‐vitro contracture testing for malignant hyperthermia,2014.0,"['K Hoppe', ' R Schleip', ' F Lehmann‐Horn', ' H Jäger…']", …,17.0,2022-02-22
Frank Lehmann,Nonanesthetic malignant hyperthermia,2011.0,['F Lehmann'],Horn,23.0,2022-02-22
Frank Lehmann,[HTML][HTML] 23Na MRI and myometry to compare eplerenone vs. glucocorticoid treatment in Duchenne dystrophy,2017.0,"['PA Glemser', ' H Jaeger', ' AM Nagel', ' AE Ziegler…']", Acta …,12.0,2022-02-22
Frank Lehmann,Second order hyperpolarizability of hydroxystilbazolium salts and their betaines-relationship to chemical structure,1999.0,"['UW Grummt', ' F Lehmann', ' S Rentsch', ' J Hein…']", Journal of Materials …,12.0,2022-02-22
Frank Lehmann,Fibre optic measurement systems for building monitoring,2019.0,"['FA Lehmann', ' FIH Sakiyama', ' RM Fackler']", Otto Graf J,3.0,2022-02-22
Frank Lehmann,Practical application of non-destructive test methods at a single-shell tunnel lining,2008.0,['F Lehmann'], Proc. of the fib PhD Symposium in Stuttgart …,8.0,2022-02-22
Frank Lehmann,Membrane currents in human intercostal muscle at varied extracellular potassium,1984.0,"['H Kwiecinski', ' F Lehmann‐Horn…']", Muscle & Nerve: Official …,26.0,2022-02-22
Frank Lehmann,Topographic migration of georadar data,2000.0,"['F Lehmann', ' AG Green']", Eighth International Conference on …,8.0,2022-02-22
Frank Lehmann,Electrical myotonia in heterozygous carriers of recessive myotonia congenita,1999.0,"['F Deymeer', ' F Lehmann‐Horn', ' P Serdaroğlu…']", Muscle & …,30.0,2022-02-22
Frank Lehmann,Advanced secondary resource control in semiconductor lithography areas: From theory to practice,2013.0,"['D Doleschal', ' G Weigert', ' A Klemmt…']", Winter …,7.0,2022-02-22
Frank Lehmann,Channelopathies: their contribution to our knowledge about voltage-gated ion channels,1997.0,['F Lehmann'],Horn,23.0,2022-02-22
Frank Lehmann,A possible role of the junctional face protein JP‐45 in modulating Ca2+ release in skeletal muscle,2006.0,"['E Gouadon', ' RP Schuhmeier', ' D Ursu…']", The Journal of …,23.0,2022-02-22
Frank Lehmann,Synthesis and structure-property relationships of amphiphilic acidochromic hydroxystilbazolium dyes,1997.0,"['F Lehmann', ' GJ Mohr', ' UW Grummt']", Sensors and Actuators B: Chemical,11.0,2022-02-22
Frank Lehmann,Altered sodium channel behaviour causes myotonia in dominantly inherited myotonia congenita,1991.0,"['PA Iaizzo', ' C Franke', ' H Hatt', ' W Spittelmeister…']", Neuromuscular …,43.0,2022-02-22
Frank Lehmann,Calmodulin sensitivity of the sarcoplasmic reticulum ryanodine receptor from normal and malignant-hyperthermia-susceptible muscle,1996.0,"[""S O'DRISCOLL"", ' TV McCARTHY…']", Biochemical …,33.0,2022-02-22
Frank Lehmann,"Water quality of the Swakoppoort Dam, Namibia",2010.0,['FL Lehmann'],,6.0,2022-02-22
Frank Lehmann,"The human Ca2+-activated K+ channel, IK, can be blocked by the tricyclic antihistamine promethazine",2006.0,"['OH Wittekindt', ' A Schmitz', ' F Lehmann']",,20.0,2022-02-22
Frank Lehmann,[HTML][HTML] Identification of three cysteines as targets for the Zn2+ blockade of the human skeletal muscle chloride channel,1999.0,"['LL Kürz', ' H Klink', ' I Jakob', ' M Kuchenbecker…']", Journal of Biological …,32.0,2022-02-22
Frank Lehmann,Impaired slow inactivation due to a polymorphism and substitutions of Ser-906 in the II-III loop of the human Nav1. 4 channel,2003.0,"['A Kuzmenkin', ' K Jurkat']",Rott,25.0,2022-02-22
Frank Lehmann,Resealed fiber segments for the study of the pathophysiology of human skeletal muscle,1990.0,"['F Lehmann‐Horn', ' PA Iaizzo']", … & Nerve: Official Journal of the …,30.0,2022-02-22
Frank Lehmann,[HTML][HTML] Hypermetabolism in B–lymphocytes from malignant hyperthermia susceptible individuals,2016.0,"['K Hoppe', ' G Hack', ' F Lehmann–Horn', ' K Jurkat–Rott…']", Scientific Reports,12.0,2022-02-22
Frank Lehmann,Substrates for arachidonic acid co-oxidation with peroxidase/hydrogen peroxide: Further evidence for radical intermediates,1989.0,"['FM Lehmann', ' N Bretz', ' F Bruchhausen…']", Biochemical pharmacology,11.0,2022-02-22
Frank Lehmann,Interventionen zur Gesundheitsförderung bei Kindern und Jugendlichen aus sozial benachteiligten Gruppen,2002.0,"['E Pott', ' F Lehmann']",,31.0,2022-02-22
Frank Lehmann,"Recessive Schwartz-Jampel syndrome (SJS): confirmation of linkage to chromosome 1p, evidence of genetic homogeneity and reduction of the SJS locus to a 3-cM …",1996.0,"['B Fontaine', ' S Nicole', ' H Topaloglu', ' CB Hamida…']", Human genetics,31.0,2022-02-22
Frank Lehmann,[HTML][HTML] Infantile-onset paroxysmal movement disorder and episodic ataxia associated with a TBC1D24 mutation,2019.0,"['V Zimmern', ' F Riant', ' E Roze', ' E Ranza…']", …,10.0,2022-02-22
Frank Lehmann,[HTML][HTML] Anesthetic complications in muscle disorders,1995.0,"['PA Iaizzo', ' F Lehmann']",,38.0,2022-02-22
Frank Lehmann,On identification of Na+ channel gating schemes using moving-average filtered hidden Markov models,1999.0,"['S Michalek', ' H Lerche', ' M Wagner', ' N Mitrović…']", European Biophysics …,29.0,2022-02-22
Frank Lehmann,MOMS-02 sensor simulation and spectral band selection,1989.0,"['R Richter', ' F Lehmann']", International Journal of Remote Sensing,11.0,2022-02-22
Frank Lehmann,Instrumented monitoring of moisture and salt by electrical impedance measurements,2018.0,['F Lehmann '],,4.0,2022-02-22
Frank Lehmann,Moisture monitoring during an artificial weathering test of a cultural heritage compatible insulation plaster,2016.0,"['J Frick', ' M Reichert', ' F Lehmann…']", … World. Conference on …,5.0,2022-02-22
Frank Lehmann,"[HTML][HTML] Outcome of laparoscopic paraesophageal hernia repair in octogenarians: a registry-based, propensity score-matched comparison of 360 patients",2019.0,"['RF Staerkle', ' I Rosenblum', ' F Köckerling', ' D Adolf…']", Surgical …,3.0,2022-02-22
Frank Lehmann,[HTML][HTML] External tetraethylammonium as a molecular caliper for sensing the shape of the outer vestibule of potassium channels,1999.0,"['F Bretschneider', ' A Wrisch', ' F Lehmann']",,27.0,2022-02-22
Frank Lehmann,Altered calcium currents in human hypokalemic periodic paralysis myotubes expressing mutant L-type calcium channels,1995.0,['F Lehmann'],Horn,31.0,2022-02-22
Frank Lehmann,In vitro muscle contracture investigations on the malignant hyperthermia like episodes in myotonia congenita,2013.0,"['K Hoppe', ' F LEHMANN‐HORN…']", Acta …,13.0,2022-02-22
Frank Lehmann,"Do hyperpolarization-induced proton currents contribute to the pathogenesis of hypokalemic periodic paralysis, a voltage sensor channelopathy?",2007.0,['K Jurkat'],Rott,22.0,2022-02-22
Frank Lehmann,Muscle stiffness and electrical activity in paramyotonia congenita,1986.0,"['K Ricker', ' R Rüdel', ' F Lehmann‐Horn…']", Muscle & Nerve …,26.0,2022-02-22
Frank Lehmann,Reliability of airborne CO2 DIAL measurements: schemes for testing technical performance and reducing interference from differential reflectance,1985.0,"['W Wiesemann', ' F Lehmann']", Applied optics,9.0,2022-02-22
Frank Lehmann,Rare KCNJ18 variants do not explain hypokalaemic periodic paralysis in 263 unrelated patients,2016.0,"['M Kuhn', ' K Jurkat']",Rott,12.0,2022-02-22
Frank Lehmann,Preclinical pharmacological in vitro investigations on low chloride conductance myotonia: Effects of potassium regulation,2020.0,"['K Hoppe', ' S Chaiklieng', ' F Lehmann']",,2.0,2022-02-22
Frank Lehmann,Anlaufmanagement in der Nutzfahrzeugindustrie am Beispiel Daimler Trucks,2008.0,"['FH Lehmann', ' A Grzegorski']", Anlaufmanagement in der …,14.0,2022-02-22
Frank Lehmann,Two mutations in the IV/S4-S5 segment of the human skeletal muscle Na+ channel disrupt fast and enhance slow inactivation,2001.0,"['AK Alekov', ' W Peter', ' N Mitrovic', ' F Lehmann']",,20.0,2022-02-22
Frank Lehmann,Towards the automated generation of expert profiles for rare diseases through bibliometric analysis,2014.0,"['A Pflugrad', ' K Jurkat']",,12.0,2022-02-22
Frank Lehmann,"[HTML][HTML] Eplerenone repolarizes muscle membrane through Na, K-ATPase activation by Tyr10 dephosphorylation",2016.0,"['S Breitenbach', ' F Lehmann']",Horn,9.0,2022-02-22
Frank Lehmann,Assessment of rat antigen-induced arthritis and its suppression during glucocorticoid therapy by use of hemicyanine dye probes with different molecular weight in near …,2013.0,"['F Dietzel', ' MK Boettger', ' K Dahlke', ' J Hölzer…']", Investigative …,6.0,2022-02-22
Frank Lehmann,A new fluorescent dye for cell tracing and mitochondrial imaging in vitro and in vivo,2016.0,"['AT Press', ' L Ungelenk', ' AC Rinkenauer…']", Journal of …,5.0,2022-02-22
Frank Lehmann,Extending Particle Hopping Models for road traffic with Timed Automata,2020.0,"['F Lehmann', ' PS Roop', ' P Ranjitkar']", Physica A: Statistical Mechanics and its …,1.0,2022-02-22
Frank Lehmann,Detection of proton release from cultured human myotubes to identify malignant hyperthermia susceptibility,2002.0,"['W Klingler', ' C Baur', ' M Georgieff…']", The Journal of the …,17.0,2022-02-22
Frank Lehmann,K+ channel openers suppress myotonic activity of human in vitro,1990.0,"['S Quasthoff', ' A Spuler', ' W Spittelmeister…']", European journal of …,27.0,2022-02-22
Frank Lehmann,[HTML][HTML] Humanized c-Myc mouse,2012.0,"['FM Lehmann', ' S Feicht', ' F Helm', ' A Maurberger… ']",,5.0,2022-02-22
Frank Lehmann,[BOOK][B] Channelopathies,2000.0,['F Lehmann'],Horn,16.0,2022-02-22
Frank Lehmann,A SemProM Use Case: Health Care and Compliance,2013.0,"['B Brandherm', ' M Schmitz', ' R Neßelrath', ' F Lehmann']", SemProM,6.0,2022-02-22
Frank Lehmann,Differential diagnosis of periodic paralysis aided by in vitro myography,1995.0,"['PA Iaizzo', ' S Quasthoff', ' F Lehmann']",,14.0,2022-02-22
Frank Lehmann,Comparison of digital stand surface models of Hrsc-a (high resolution stereo camera-airborne) and laser scanner for forest stand characteristics,2000.0,"['S HESE', ' F LEHMANN']", Laser,6.0,2022-02-22
Frank Lehmann,The role of the internal rotation of the upper arm in javelin throwing,2017.0,"['HP Köhler', ' F Lehmann', ' M Witt']", ISBS Proceedings Archive,4.0,2022-02-22
Frank Lehmann,Disease-causing mutations or functional polymorphisms?,2004.0,['F Lehmann'],,10.0,2022-02-22
Frank Lehmann,Progressive muscle atrophy with hypokalemic periodic paralysis and calcium channel mutation,2008.0,"['T Meyer', ' K Jurkat‐Rott', ' A Huebner…']", Muscle & Nerve …,12.0,2022-02-22
Frank Lehmann,Preparation of monospecific antisera for immunoassay of human placental (regan) and intestinal alakaline phosphatase,1980.0,['FG Lehmann'], Journal of Immunological Methods,7.0,2022-02-22
Frank Lehmann,Episodic ataxia type 2 showing ictal hyperhidrosis with hypothermia and interictal chronic diarrhea due to a novel CACNA1A mutation,2009.0,"['DI Zafeiriou', ' F Lehmann']",Horn,12.0,2022-02-22
Frank Lehmann,Assessing the risk of salt weathering in sandstone by instrumented monitoring of the electrical impedance,2014.0,"['F Lehmann', ' M Krüger']",,4.0,2022-02-22
Frank Lehmann,Painful cramps and giant myotonic discharges in a family with the Nav1. 4‐G1306A mutation,2015.0,"['T Torbergsen', ' K Jurkat‐Rott', ' EV StÅLberg…']", Muscle & …,8.0,2022-02-22
Frank Lehmann,In vivo P‐NMR spectroscopy: Muscle energy exchange in paramyotonia patients,1985.0,"['F Lehmann‐Horn', ' D Höpfel', ' R Rüdel…']", Muscle & Nerve …,17.0,2022-02-22
Frank Lehmann,Aseptic transfer systems into and out of barrier isolators and RABS,2013.0,"['HJ Bässler', ' F Lehmann']", Containment Technology,4.0,2022-02-22
Frank Lehmann,Ion channels and electrical properties of skeletal muscle,2004.0,['K Jurkat'],Rott,9.0,2022-02-22
Frank Lehmann,Strength and muscle structure preserved during long-term therapy in a patient with hypokalemic periodic paralysis (Cav1. 1-R1239G),2019.0,"['MA Weber', ' K Jurkat']",Rott,5.0,2022-02-22
Frank Lehmann,The correlation between electrical after‐activity and slowed relaxation in myotonia,1990.0,"['PA Iaizzo', ' F Lehmann‐Horn']", … & Nerve: Official Journal of the …,12.0,2022-02-22
Frank Lehmann,Kooperationsverbund zur Realisierung der Gesundheitsförderung bei sozial Benachteiligten in Deutschland,2006.0,['F Lehmann'], Gesundheitliche Ungleichheit,14.0,2022-02-22
Frank Lehmann,Effect of a strong axial magnetic field in the plasma recombination and extreme ultraviolet emission from a highly-ionized capillary discharge,1990.0,"['MC Marconi', ' JJ Rocca', ' JF Schmerge…']", IEEE journal of …,4.0,2022-02-22
Frank Lehmann,Force assessment in periodic paralysis after electrical muscle stimulation,2002.0,"['JW Day', ' C Sakamoto', ' GJ Parry', ' F Lehmann']",,12.0,2022-02-22
Frank Lehmann,"Kinder stark machen: Ressourcen, Resilienz, Respekt",2013.0,"['R Geene', ' C Höppner…']", Bad Gandersheim: Verlag …,9.0,2022-02-22
Frank Lehmann,A novel non-neuronal hSK3 isoform with a dominant-negative effect on hSK3 currents,2004.0,"['O Wittekindt', ' T Dreker', ' D Morris']",,10.0,2022-02-22
Frank Lehmann,Glutamat-Dehydrogenase aus menschlicher Leber. Kristallisation und biochemische Eigenschaften,1969.0,"['FG LEHMANN', ' G PFLEIDERER ']",,15.0,2022-02-22
Frank Lehmann,[BOOK][B] E-Business,2014.0,"['M Bächle', ' FR Lehmann ']",,9.0,2022-02-22
Frank Lehmann,Effects of S906T polymorphism on the severity of a novel borderline mutation I692M in Nav1.4 cause periodic paralysis,2017.0,"['C Fan', ' N Mao', ' F Lehmann‐Horn', ' J Bürmann…']", Clinical …,6.0,2022-02-22
Frank Lehmann,Automated three-dimensional georadar acquisition,1997.0,"['F Lehmann', ' M van der Veen', ' P Wild…']", SEG Technical …,4.0,2022-02-22
Frank Lehmann,Die LDH-isoenzyme als ursache für unspezifische tetrazoliumsalz-anfärbungen in gelzymogrammen (“nothing dehydrogenase”),1969.0,"['F Falkenberg', ' FG Lehmann', ' G Pfleiderer']", Clinica Chimica Acta,17.0,2022-02-22
Frank Lehmann,Chronic myopathy in a patient suspected of carrying two malignant hyperthermia susceptibility (MHS) mutations,1992.0,"['T Deufel', ' W Müller']",Felber,10.0,2022-02-22
Frank Lehmann,Programme und Projekte zum Abbau sozial bedingter Ungleichheit von Gesundheitschancen in Deutschland und Europa,2007.0,"['F Lehmann', ' S Weyers']", Prävention und Gesundheitsförderung,11.0,2022-02-22
Frank Lehmann,Domain III S4 in closed-state fast inactivation: insights from a periodic paralysis mutation,2014.0,"['JR Groome', ' K Jurkat']",Rott,6.0,2022-02-22
Frank Lehmann,Elevation of extracellular osmolarity improves signs of myotonia congenita in vitro: a preclinical animal study,2019.0,"['K Hoppe', ' S Chaiklieng', ' F Lehmann‐Horn…']", The Journal of …,3.0,2022-02-22
Frank Lehmann,Myotonia in DNM2-related centronuclear myopathy,2014.0,"['R Dabby', ' M Sadeh', ' R Gilad', ' K Jurkat']",,6.0,2022-02-22
Frank Lehmann,"[HTML][HTML] 6-Amino-1-benzyl-4-(4-chlorophenyl)-3-(4-pyridyl)-1, 4-dihydropyrano [2, 3-c] pyrazole-5-carbonitrile",2008.0,"['F Lehmann', ' D Schollmeyer', ' S Laufer']", … Crystallographica Section E …,3.0,2022-02-22
Frank Lehmann,[HTML][HTML] A gating model for wildtype and R1448H Nav1. 4 channels in paramyotonia,2014.0,"['B Holzherr', ' F Lehmann']",Horn,5.0,2022-02-22
Frank Lehmann,Adaptation of building extraction rule sets derived from MFC3 and UltraCamD arial image data sets,2009.0,"['AM Trosset', ' T Bucher…']", Remote Sensing for …,3.0,2022-02-22
Frank Lehmann,[HTML][HTML] Paxilline Prevents the Onset of Myotonic Stiffness in Pharmacologically Induced Myotonia: A Preclinical Investigation,2020.0,"['K Hoppe', ' T Sartorius', ' S Chaiklieng…']", Frontiers in …,,2022-02-22
Frank Lehmann,Sight: automating genomic data-mining without programming skills,2004.0,"['A Meskauskas', ' F Lehmann']",Horn,8.0,2022-02-22
Frank Lehmann,Reviewing in science requires quality criteria and professional reviewers,2004.0,['K Jurkat'],Rott,6.0,2022-02-22
Frank Lehmann,Motorische Systeme,2010.0,['F Lehmann'],,19.0,2022-02-22
Frank Lehmann,A compact very high resolution camera (VHRC) for earth and planetary exploration using a large array (7k× 8k) CCD,1999.0,"['HG Grothues', ' F Lehmann', ' H Michaelis', ' G Neukum…']", Acta astronautica,3.0,2022-02-22
Frank Lehmann,Kristallisierung und biochemische Eigenschaften von Glycerin-3-phosphat-Dehydrogenase aus menschlicher Leber,1968.0,"['FG LEHMANN', ' G PFLEIDERER ']",,12.0,2022-02-22
Frank Lehmann,Hyperkalemic periodic paralysis type 1,1993.0,['K Jurkat'],Rott,6.0,2022-02-22
Frank Lehmann,Die umfassende Bedeutung der Workflow-Management-Technologie.,1998.0,"['FR Lehmann', ' E Ortner']", EMISA,9.0,2022-02-22
Frank Lehmann,Recovery of mechano-electrical transduction in rat cochlear hair bundles after postnatal destruction of the stereociliar cross-links,2010.0,"['J Ebert', ' S Fink', ' A Koitschev…']", … of the Royal …,5.0,2022-02-22
Frank Lehmann,[HTML][HTML] Successful treatment of periodic paralysis with coenzyme Q10: two case reports,2016.0,"['Y Da', ' L Lei', ' K Jurkat']",Rott,4.0,2022-02-22
Frank Lehmann,Development of a sensor for monitoring mechanically stressed adhesive joints,2019.0,"['F Lehmann', ' S Chataigner', ' V Birtel', ' J Wang…']", … and Building Materials,1.0,2022-02-22
Frank Lehmann,Targeting high‐grade B cell lymphoma with CD19‐specific T cells,2014.0,"['FM Lehmann', ' A Maurberger', ' S Feicht…']", … journal of cancer,2.0,2022-02-22
Frank Lehmann,Muscle channelopathies: myotonias and periodic paralyses,2015.0,['K Jurkat'],Rott,4.0,2022-02-22
Frank Lehmann,"Ressourcen, Resilienz, Respekt–Wo stehen die kindheitsbezogenen Hand-lungsfelder? Versuch eines Resumees",2013.0,"['R Geene', ' C Höppner…']", Kinder stark machen …,5.0,2022-02-22
Frank Lehmann,"Perfluoroalkyl End-Functionalized Oligoesters: Correlation between Wettability and End-Group Segregation. Volume 40, Number 2, January 23, 2007, pp 297− 305.",2007.0,"['A Synytska', ' D Appelhans', ' Z Wang', ' F Simon…']", …,2.0,2022-02-22
Frank Lehmann,"Skeletal muscle channelopathies: myotonias, periodic paralyses and malignant hyperthermia",2003.0,['F Lehmann'],Horn,5.0,2022-02-22
Frank Lehmann,Safe Change Filter Systems for Containments in the Pharmaceutical Industry,2011.0,"['F Lehmann', ' J Lümkemann']", Pharmazeutische Industrie,2.0,2022-02-22
Frank Lehmann,Malignant hyperthermia: an inherited disorder of muscle calcium metabolism,2015.0,"['W Klingler', ' F Lehmann']",,4.0,2022-02-22
Frank Lehmann,Neuromuscular disorders and malignant hyperthermia,1996.0,['F Lehmann'],,5.0,2022-02-22
Frank Lehmann,Verstärkung von Stahlbrücken mit hochfestem Beton,2017.0,"['T Mansperger', ' T Lehmann', ' M Hofmann', ' M Krüger… ']",,4.0,2022-02-22
Frank Lehmann,Faszien besitzen eine der glatten Muskulatur vergleichbare Kontraktionsfähigkeit und können so die muskuloskelettale Mechanik beeinflussen,2008.0,"['R Schleip', ' W Klingler', ' F Lehmann']",,14.0,2022-02-22
Frank Lehmann,Chlorine (35Cl) Magnetic resonance imaging of the human brain and muscle,2012.0,"['AM Nagel', ' FM Meise', ' MA Weber…']", Proceedings of the …,4.0,2022-02-22
Frank Lehmann,Life-threatening hyperthermic syndromes,1994.0,"['EF Hund', ' F Lehmann']",Horn,4.0,2022-02-22
Frank Lehmann,[BOOK][B] Psychosomatik der Infertilität,2013.0,"['P Kemeter', ' F Lehmann ']",,7.0,2022-02-22
Frank Lehmann,[BOOK][B] Generierung interaktiver 3D-Stadtinformations-systeme aus Daten der High Resolution Stereo Camera (HRSC) am Beispiel des 3D-Stadtplans München,2005.0,"['O Kranz', ' F Siegert', ' J Liebscher', ' F Lehmann… ']",,6.0,2022-02-22
Frank Lehmann,Hydration Modeling for Improved Curing Process Prediction in Concrete Construction,2020.0,"['P Skalecki', ' S Idrizi', ' M Schreiner…']", IEEE/ASME …,,2022-02-22
Frank Lehmann,Modular photogrammetric sensor systems for real-time information extraction and 3d-applications,2016.0,"['T Bucher', ' R Berger', ' J Brauchle', ' D Hein…']", … und Geoinformation eV,4.0,2022-02-22
Frank Lehmann,Principles of Electrophysiological In Vitro Measurements,2010.0,['F Lehmann'],Horn,3.0,2022-02-22
Frank Lehmann,Prozessierung und elektrische Charakterisierung von ZnSe Heterostrukturen in verschiedenen Messgeometrien zum eindeutigen Nachweis der elektrischen …,2005.0,['F Lehmann '],,5.0,2022-02-22
Frank Lehmann,Motorische Systeme,2007.0,['F Lehmann'],,11.0,2022-02-22
Frank Lehmann,Schutzkonzept und Einsatz von tz von A Flexible and Scalable Isolator Platform for State of the Art Aseptic Processing,2017.0,"['HJ Bässler', ' F Haefele', ' F Lehmann']", Pharm. Ind,1.0,2022-02-22
Frank Lehmann,A Becker myotonia patient with compound heterozygosity for CLCN1 mutations and Prinzmetal angina pectoris,2012.0,"['D Zielonka', ' K Jurkat']",Rott,3.0,2022-02-22
Frank Lehmann,"Consolidated efforts to strengthen health promotion in living environments: The cooperation network"" Equity in Health""",2016.0,"['H Kilian', ' F Lehmann', ' A Richter']",,1.0,2022-02-22
Frank Lehmann,Impedanzmessungen zum Monitoring von Feuchte und Salz an Bauwerken,2014.0,"['F Lehmann', ' M Krüger']", Fachtagung Bauwerksdiagnose–Praktische …,4.0,2022-02-22
Frank Lehmann,One solver for all—A generic allocation concept for planning and shop floor control,2012.0,"['S Werner', ' F Lehmann', ' A Klemmt…']", Proceedings of the …,1.0,2022-02-22
Frank Lehmann,High-Frequency Sources In Shallow Seismic Experiments,1998.0,"['M van der Veen', ' H Buness', ' F Nitsche…']", … EEGS Symposium on …,1.0,2022-02-22
Frank Lehmann,Sustainable instrumentation of everyday commodities—Concepts and tools,2012.0,"['B Brandherm', ' A Kröner', ' J Haupert…']", IEEE …,1.0,2022-02-22
Frank Lehmann,Very high resolution photogrammetric DSMs and true-orthoimages: 3D-fault zone mapping in Northern Chile,2012.0,"['T Bucher', ' O Zielke', ' P Victor', ' F Lehmann', ' O Onken ']",,1.0,2022-02-22
Frank Lehmann,Fault Assessment of Flood Protecting Dikes with Remote Sensing,2005.0,"['N Ohle', ' A Elsner', ' S Mai', ' C Zimmermann…']", Solutions to Coastal …,1.0,2022-02-22
Frank Lehmann,Towards durable concrete that repairs cracks autonomously,2010.0,"['K Van Tittelboom', ' N De Belie', ' F Lehmann…']", … RILEM Conference on …,1.0,2022-02-22
Frank Lehmann,Definition and assessment of an adhesively bonded composite reinforcement in fatigue for steel structures developped in fasstbridge project,2018.0,"['S Chataigner', ' K Benzarti', ' G Forêt…']", … sur les composites …,1.0,2022-02-22
Frank Lehmann,Automation in 3D georadar investigations: new acquisition and processing techniques,1999.0,['F Lehmann '],,1.0,2022-02-22
Frank Lehmann,Holistic Cycle Time Analysis and Improvement Project within a 200mm Lithography I-line Production Area,2006.0,"['T Zarbock', ' F Lehmann…']", The Annual SEMI …,1.0,2022-02-22
Frank Lehmann,Vectorial nature of georadar data,2000.0,"['F Lehmann', ' D Boerner', ' K Holliger…']", … Conference on Ground …,1.0,2022-02-22
Frank Lehmann,"Plasma steroid patterns in normal, pathological and induced ovarian cycles",1971.0,"['F Lehmann', ' G Bettendorf…']", European Journal of …,1.0,2022-02-22
Frank Lehmann,MRI in muscle channelopathies,2013.0,['K Jurkat'],Rott,2.0,2022-02-22
Frank Lehmann,[HTML][HTML] Skeletal muscle calcium channel mutation R528G: enhanced channel inactivation and omega-current at hyperpolarization contribute to hypokalemic periodic …,2016.0,"['M Bednarz', ' Y Da', ' F Lehmann']",Horn,2.0,2022-02-22
Frank Lehmann,Myofibroblast density in fasciae,2009.0,"['R Schleip', ' S Rankl', ' A Zorn…']", Proceedings of the …,2.0,2022-02-22
Frank Lehmann,Muscle channelopathies. Myotonias and periodic paralyses,2011.0,['K Jurkat'],Rott,2.0,2022-02-22
Frank Lehmann,Hypokalemic periodic paralysis induced by thymic hyperplasia and relieved by thymectomy,2013.0,"['R Yang', ' K Jurkat']",Rott,2.0,2022-02-22
Frank Lehmann,Drohnengestützte Erfassung von maritimen Infrastrukturen,2020.0,"['D Heuskin', ' F Lehmann ']",,1.0,2022-02-22
Frank Lehmann,Airborne camera and spectrometer experiments and data evaluation,2009.0,"['FF Lehmann', ' T Bucher', ' S Pless…']", Remote Sensing for …,2.0,2022-02-22
Frank Lehmann,[BOOK][B] Therapie und Verlauf neurologischer Erkrankungen,2017.0,"['B Schoser', ' JB Schulz', ' V Dietz', ' V Ghilescu', ' T Schenk… ']",,5.0,2022-02-22
Frank Lehmann,Kooperationsverbund zur Realisierung der Gesundheitsförderung bei sozial Benachteiligten in Deutschland,2009.0,['F Lehmann'], Gesundheitliche Ungleichheit,3.0,2022-02-22
Frank Lehmann,Myotonic disorders,2007.0,"['F Lehmann‐Horn', ' K Jurkat‐Rott']", Handbook of Clinical Neurology,1.0,2022-02-22
Frank Lehmann,Finite State Machines and Timed Automata: A Hierarchical Approach for Integrated Traffic Microsimulations,2018.0,"['F Lehmann', ' PS Roop', ' P Ranjitkar']", … of Traffic and Logistics Engineering Vol,,2022-02-22
Frank Lehmann,Medizinische Chemie und molekulare Hemmmechanismen der Tyrosinkinase‐Inhibitoren. Schwerpunkt pharmazeutischer Forschung,2008.0,"['M Holm', ' F Lehmann', ' S Laufer']", Pharmazie in unserer Zeit,3.0,2022-02-22
Frank Lehmann,Schulung von KrankenkassenmitarbeiterInnen zur Gesundheitsförderung im Rahmen des § 20 Sozialgesetzbuch (SGB) Fünftes Buch (V),1996.0,"['W Hass', ' FF Lehmann']", Zeitschrift für Gesundheitswissenschaften,3.0,2022-02-22
Frank Lehmann,ZERSTÖRUNGSFREIE PRÜFUNG UND BAUWERKSÜBER-WACHUNG ALS ELEMENTE DER BAUWERKSPRÜFUNG,2020.0,['FA Lehmann'],,,2022-02-22
Frank Lehmann,Markov and Eyring Modeling Predict Differential Contributions of Homologous Mutations in Hypokalemic Periodic Paralysis to Skeletal Muscle Fiber Excitability,2021.0,"['JR Groome', ' L Bayless']",Edwards,,2022-02-22
Frank Lehmann,[HTML][HTML] Kir2. 2 p. Thr140Met: a genetic susceptibility to sporadic periodic paralysis,2018.0,"['C Fan', ' M Kuhn', ' AP Mbiol', ' J Groome', ' V Winston…']", Acta …,1.0,2022-02-22
Frank Lehmann,Qualitätsmanagement in der Prävention und Gesundheitsförderung,2014.0,"['U Walter', ' M Plaumann', ' F Lehmann']", Public Health Forum,2.0,2022-02-22
Frank Lehmann,Interferon-γ Resistance and Immune Evasion in Glioma Develop via Notch-Regulated Co-Evolution of Malignant and Immune Cells,,"['E Parmigiani', ' R Ivanek', ' C Rolando', ' K Hafen', ' A Gerber… ']",,,2022-02-22
Frank Lehmann,Microtearing of the superficial layer of lumbar fascia as a source for low back pain,,"['R Schleip', ' S Rankl', ' A Zorn', ' F Lehmann']",,1.0,2022-02-22
Frank Lehmann,Novel Mutation of SCN1A in a German Family Presenting with both Hemiplegic Migraine and Epilepsy,2015.0,"['C Fan', ' F Lehmann']",Horn,1.0,2022-02-22
Frank Lehmann,Sarcolemmal Ion Channelopathies,2013.0,"['K Jurkat‐Rott', ' F Lehmann‐Horn']", Muscle Disease: Pathology …,1.0,2022-02-22
Frank Lehmann,Humidity and Temperature Variation in Building Stones: Comparing Simulation Results and Impedance Measurements,,"['NRM Sakiyama', ' SBM Hejazi', ' J Frick', ' F Lehmann… ']",,,2022-02-22
Frank Lehmann,Simulating Intelligent Transport Systems with Discrete Traffic Models on Grid Topologies,,"['F Lehmann', ' N Sharma', ' P Ranjitkar', ' PS Roop ']",,,2022-02-22
Frank Lehmann,WIRTSCHAFT,2004.0,['F Lehmann '],,2.0,2022-02-22
Frank Lehmann,""" German Aerospace Center (DLR), Institute of Space Sensor Technology and Planetary Exploration, Adlershof",,"['A HOFFMANN', ' JW VAN DER VEGT', ' F LEHMANN ']",,,2022-02-22
Frank Lehmann,Last-Mile-Numerical Last-Mile Tsunami Early Warning and Evacuation Information System,2009.0,"['H Taubenböck', ' N Goseberg', ' N Setiadi…']",,2.0,2022-02-22
Frank Lehmann,"Myotone Dystrophien, nicht dystrophe Myotonien und periodische Paralysen",2018.0,['C Schneider'],Gold,3.0,2022-02-22
Frank Lehmann,Development and application of FASSTbridge solution to Jarama bridge (Fast and effective Solution for Steel bridges lifetime extension),2018.0,"['S Chataigner', ' K Benzarti', ' G Forêt', ' JF Caron…']", IABSE …,,2022-02-22
Frank Lehmann,Car-Following Behaviour: Statistical Analysis of Differences Between Drivers,2017.0,"['F Lehmann', ' P Ranjitkar…']", Australasian …,,2022-02-22
Frank Lehmann,Management Games for Group Decision Making in a Dynamic,,"['PM Milling', ' F Lehmann ']",,,2022-02-22
Frank Lehmann,Application of the magnetic leakage field method to investigate wire strands,2018.0,"['M Schreiner', ' F Lehmann ']",,,2022-02-22
Frank Lehmann,High-Frequency Sources in Shallow Seismic Experiments,1998.0,"['M Veen', ' H Buness', ' F Nitsche', ' F Büker…']", Symposium on the …,,2022-02-22
Frank Lehmann,Experimental evaluation of the developed reinforcement system in FASSTBridge project,2017.0,"['S Chataigner', ' K Benzarti…']", SMAR,,2022-02-22
Frank Lehmann,Adding new dimensions to fluorescence microscopy,2009.0,"['C Biskup', ' J Kusch', ' E Schulz…']", … Microscopy in the …,,2022-02-22
Frank Lehmann,[HTML][HTML] The Genomic Landscape of Serrated Lesion of the Colorectum: Similarities and Differences With Tubular and Tubulovillous Adenomas,2021.0,"['L Tornillo', ' FS Lehmann', ' A Garofoli', ' V Paradiso…']", Frontiers in …,,2022-02-22
Frank Lehmann,Effect of a strong axial magnetic field in the plasma recombination and extreme ultraviolet emission from a highly-ionized capillary discharge,,"['FJ Lehmann', ' M Villagran', ' JF Schmerge', ' JJ Rocca… ']",,,2022-02-22
Frank Lehmann,Daimler Trucks,2008.0,"['FH Lehmann', ' A Grzegorski']", … : Ein Leitfaden Fr Die Praxis/a …,,2022-02-22
Frank Lehmann,The Definition of Dynamic Z,,['FLE Lehmann '],,,2022-02-22
Frank Lehmann,An efficient approach to shallow high-resolution seismic data acquisition: Preliminary results,1997.0,"['M van der Veen', ' F Lehmann', ' P Wild', ' A Green']", EEGS Meeting,,2022-02-22
Frank Lehmann,Monitoring of the Process Environment,2013.0,"['HJ Bässler', ' F Lehmann']", Containment Technology,,2022-02-22
Frank Lehmann,Towards automated map updating: detecting houses with new digital data-acquisition and processing techniques,2000.0,"['A Hoffmann', ' JW Van Der Vegt…']", IGARSS IEEE …,,2022-02-22
Frank Lehmann,Evaluation of GER airborne scanner data for environmental applications,1990.0,"['F Lehmann', ' H Rothfuss…']", Optics in Complex Systems,,2022-02-22
Frank Lehmann,Product Protection Isolators,2013.0,"['HJ Bässler', ' F Lehmann']", Containment Technology,,2022-02-22
Frank Lehmann,Cleaning,2013.0,"['HJ Bässler', ' F Lehmann']", Containment Technology,,2022-02-22
Frank Lehmann,"< 5cm Ground Resolution DEMs for the Atacama Fault System (Chile), Acquried With the Modular Airborne Camera System (MACS)",2011.0,"['O Zielke', ' P Victor', ' O Oncken…']", AGU Fall Meeting …,,2022-02-22
Frank Lehmann,Access Devices,2013.0,"['HJ Bässler', ' F Lehmann']", Containment Technology,,2022-02-22
Frank Lehmann,Introduction/Definition,2013.0,"['HJ Bässler', ' F Lehmann']", Containment Technology,,2022-02-22
Frank Lehmann,Three dimensional georadar acquisition with a real time positioning system,1997.0,"['F Lehmann', ' M van der Veen', ' AC Green…']", EEGS …,,2022-02-22
Frank Lehmann,A new fluorescent dye for cell tracing and mitochondrial,2015.0,"['AT Press', ' L Ungelenk', ' AC Rinkenauer', ' M Gröger… ']",,,2022-02-22
Frank Lehmann,On top of the world: Covering Mount Everest in 3D from a Stemme powered glider with the airborne high-altitude camera system MACS–Himalaya,2014.0,"['F Lehmann', ' R Berger', ' J Brauchle', ' D Hein', ' A Wieden ']",,,2022-02-22
Frank Lehmann,Perforation Resistance of Reinforced Concrete Slabs Impacted by Low Velocity Drop Loads,2015.0,"['A Fila', ' F Lehmann', ' R Tropp ']",,,2022-02-22
Frank Lehmann,CD19 as Foreign Antigen Elicits a Specific T-Cell Response and Mediates Rejection of High Grade B-Cell Lymphoma In Mice,2010.0,"['F Lehmann', ' A Gerbitz', ' C Loddenkemper', ' E Kremmer… ']",,,2022-02-22
Frank Lehmann,"New optical sensor systems for high-resolution satellite, airborne and terrestrial imaging systems",2007.0,"['A Eckardt', ' A Börner', ' F Lehmann']", Sensors,,2022-02-22
Frank Lehmann,"Safe Change Filter Systems for Isolators, Containments, and RABS",2013.0,"['HJ Bässler', ' F Lehmann']", Containment Technology,,2022-02-22
Frank Lehmann,Isolators for Personnel-and Environmental Protection,2013.0,"['HJ Bässler', ' F Lehmann']", Containment Technology,,2022-02-22
Frank Lehmann,"Proceedings of the International RILEM Conference-Materials, Systems and Structures in Civil Engineering 2016. Segment on Moisture in Materials and Structures.",2016.0,"['KK Hansen', ' C Rode', ' LO Nilsson', ' C Zhou', ' F Ren…']", … RILEM Conference on …,,2022-02-22
Frank Lehmann,Decontamination of Aseptically Operated Isolators,2013.0,"['HJ Bässler', ' F Lehmann']", Containment Technology,,2022-02-22
Frank Lehmann,HRSC hgh resolution stereo camera digital airborne imager: three years of operational data production and applications,2003.0,['F Lehmann'], … Monitoring,,2022-02-22
Frank Lehmann,[HTML][HTML] Stromal Cross-Presentation and Host Interferon-ÃŽÂ³ Signaling and Are Required for Elimination of Antigen-Loss Variants of High-Grade B Cell Lymphomas …,2010.0,"['A Gerbitz', ' M Sukumar', ' F Helm', ' A Wilke', ' C Friese…']", Blood,,2022-02-22
Frank Lehmann,Measurement of masticatory forces in the horse,2005.0,"['C Staszyk', ' F Lehmann', ' A Bienert', ' K Ludwig…']", …,,2022-02-22
Frank Lehmann,A System—Dynamics Examination of the Effects of the Mahaweli—Project in Sri Lanka,1989.0,"['F Lehmann', ' T Lehner', ' J Beckmann']",,,2022-02-22
Frank Lehmann,System Validation,2013.0,"['HJ Bässler', ' F Lehmann']", Containment Technology,,2022-02-22
Frank Lehmann,Studi e Statistiche,,"['F Pizzuto', ' S Comotto', ' M Bonato', ' F Lehmann', ' G Corradi… ']",,,2022-02-22
Frank Lehmann,Thermal Infrared Profiling Spectrometer (TIPS),1990.0,"['F Lanzl', ' G Miosga', ' F Lehmann', ' R Richter…']", Infrared …,,2022-02-22
Frank Lehmann,Imaging Laser Spectroscopy By Limes,1988.0,"['V Klein', ' W Wiesemann', ' F Lehmann']", Infrared technology XIV,,2022-02-22
Frank Lehmann,[HTML][HTML] a High-Resolution Space Camera (hrsc) for Earth Observation in Regional Scales,1996.0,"['G Neukum', ' R Jaumann', ' H Hoffmann…']", Space Station …,,2022-02-22
Frank Lehmann,Technological Outlook,2013.0,"['HJ Bässler', ' F Lehmann']", Containment Technology,,2022-02-22
Frank Lehmann,Industrie 4.0 Digitalization–more than just fancy!,2018.0,['F Lehmann'], Commercial Vehicle Technology,1.0,2022-02-22
Frank Lehmann,Correction to: Preclinical pharmacological in vitro investigations on low chloride conductance myotonia: effects of potassium regulation,2020.0,"['H Kerstin', ' C Sunisa', ' F Lehmann']",,,2022-02-22
Frank Lehmann,Hotline für maligne Hyperthermie,2011.0,"['W Klingler', ' F Lehmann']",Horn,3.0,2022-02-22
Frank Lehmann,"[HTML][HTML] Hypokalemic Periodic Paralysis Synonyms: HOKPP, HypoPP",,"['F Weber', ' F Lehmann']",,,2022-02-22
Frank Lehmann,Investigating a Domain I Hypokalemic Periodic Paralysis Mutation in hNaV1. 4: A Computational Approach,2018.0,['LJ Bayless'],Edwards,,2022-02-22
Frank Lehmann,Characterization of a NaV1. 4 Hypokalemic Periodic Paralysis Mutation in Domain I,2018.0,"['JR Groome', ' L Bayless']",Edwards,,2022-02-22
Frank Lehmann,Zerstörungsfreie Untersuchungen mittels Impact Echo und Georadar am Turmhelm der Marienkirche in Reutlingen,2009.0,"['J Frick', ' F Lehmann', ' F Grüner']", ZfP in Forschung,1.0,2022-02-22
Frank Lehmann,Zerstörungsfreie und minimalinvasive Prü-fung von Holzbrücken,2010.0,"['F Lehmann', ' G Dill']",Langer,1.0,2022-02-22
Frank Lehmann,Kinder stark machen—Gesundheitsförderung und Prävention bei Kindern und Jugendlichen,2009.0,"['E Pott', ' G Marsen']",Storz,1.0,2022-02-22
Frank Lehmann,N eurological R esearchand T herapy,,"['M Bednarz', ' Y Da', ' F Lehmann']",Horn,,2022-02-22
Frank Lehmann,Semiautomatisches aseptisches Füllen,2012.0,"['HJ Bässler', ' F Lehmann']", TechnoPharm,1.0,2022-02-22
Frank Lehmann,Hochauflösende Oberflächenmodelle und True Ortho Photos aus digitalen Luftbildkameras: die Entwicklung anhand von Beispielen der letzten 10 Jahre,2011.0,"['F Lehmann', ' T Bucher', ' S Pless…']", … und Geoinformation eV,1.0,2022-02-22
Frank Lehmann,Schulsozialarbeit—ungeliebt und unentbehrlich,2009.0,['F Lehmann'], Jugend im Diskurs—Beiträge aus Theorie und Praxis,1.0,2022-02-22
Frank Lehmann,[PS][PS] Implementierung von Algorithmen zur Berechnung modularer Polynome und deren Anwendung im Algorithmus von Atkin,1994.0,['FJ Lehmann '],,1.0,2022-02-22
Frank Lehmann,EXTRACELLULAR pH,,['F LEHMANN'],HORN,,2022-02-22
Frank Lehmann,GGGGGGGGzGGGK LKKKGG SLS SLL S GG L GGGG GGG GGGGGG LLLLLYLLL GG,,['F LEHMANN'],HORN,,2022-02-22
Frank Lehmann,Retraction statement,2014.0,"['B Holzherr', ' F Lehmann']",Horn,,2022-02-22
Frank Lehmann,Sodium channelopathies in skeletal muscle and brain,2002.0,"['H Lerche', ' N Mitrovic', ' K Jurkat']",,,2022-02-22
Frank Lehmann,"This copy is for personal use only. To order printed copies, contact reprints@ rsna. org",,"['MA Weber', ' AM Nagel', ' AM Marschar', ' P Glemser… ']",,,2022-02-22
Frank Lehmann,Familial cramp due to potassium-aggravated,,"['RW Orrell', ' K Jurkat']",Rott,,2022-02-22
Frank Lehmann,[HTML][HTML] CHEMICAL BIOLOGY,,['F Lehmann'],Horn,,2022-02-22
Frank Lehmann,Disease-causing mutations,,['F LEHMANN'],,,2022-02-22
Frank Lehmann,Domain III S4 in Closed-State Fast Inactivation: Insights from a Periodic Paralysis Mutation revision to MS# 2014CHANNELS0042R,,"['JR Groome', ' K Jurkat']",Rott,,2022-02-22
Frank Lehmann,Malignant Hyperthermia and Neuroleptic Malignant Syndrome,2003.0,"['M Weller', ' F Lehmann']",,,2022-02-22
Frank Lehmann,Dyskalemic Periodic Paralyses,2003.0,['F Lehmann'],Horn,,2022-02-22
Frank Lehmann,Do Calcium Activated Potassium Channels Control Proliferation of Myofibroblasts? Implications for Fibroproliferative Diseases,2012.0,"['H Jäger', ' W Klingler…']", Journal of …,,2022-02-22
Frank Lehmann,Effects of a Novel Cav1. 1-R1242G Mutation Leading to Hypokalemic Periodic Paralysis,2013.0,"['C Fan', ' F Lehmann']",Horn,,2022-02-22
Frank Lehmann,34 Channelopathies in Epileptology,2016.0,['F Lehmann'],Horn,,2022-02-22
Frank Lehmann,Pathogenesis of hypokalemic periodic paralysis,1995.0,['F Lehmann'],,,2022-02-22
Frank Lehmann,PARADIGMS FOR THE EFFICACY OF MOLECULAR METHODS IN ELUCIDATING THE PATHOLOGY OF HEREDITARY DISEASES AND IN DEVELOPING …,,"['R ROdel', ' F Lehmann']",,,2022-02-22
Frank Lehmann,A Novel NaV1. 1 Mutation L1613P Associated with Familial Hemiplegic Migraine,2014.0,"['C Fan', ' F Lehmann']",Horn,,2022-02-22
Frank Lehmann,Effect Of Temperature On Slow Inactivation Of WT And R1448H Mutant Sodium Channels,2009.0,"['BD Holzherr', ' K Jurkat']",Rott,,2022-02-22
Frank Lehmann,"How can we better understand established factors of risk and protection by research on function of neuro-muscular system, joint and disc?",2004.0,['F LEHMANN'],HORN,,2022-02-22
Frank Lehmann,Ion channels in medicine,2007.0,"['F Lehmann‐Horn', ' K Jurkat‐Rott']", Wiley Encyclopedia of …,,2022-02-22
Frank Lehmann,Myotonia and Paramyotonia,,['K JURKAT'],ROTT,,2022-02-22
Frank Lehmann,Effects of S906T polymorphism on the severity of a novel borderline mutation,,"['C Fan', ' F Lehmann']",Horn,,2022-02-22
Frank Lehmann,A Novel Cav1. 1-K1245Q Mutation Leading to Hypokalemic Periodic Paralysis,2013.0,"['MJ Bednarz', ' C Fan', ' F Lehmann']",Horn,,2022-02-22
Frank Lehmann,Characterization of Hyperkalemic Periodic Paralysis: A Study of Genetically Diagnosed Individuals (P01. 114),2013.0,"['G Charles', ' C Zheng', ' F Lehmann']",Horn,,2022-02-22
Frank Lehmann,Uncovering gating pore current caused by Ca_v1. 1 voltage sensor mutation linked to hypokalemic periodic paralysis,2008.0,"['B HOLZHERR', ' F LEHMANN']",,,2022-02-22
Frank Lehmann,Molecular pathophysiology of voltage-gated ion channels. Chapter 128 in: Reviews of Physiology Biochemistry and Pharmacology 1996; Editors: MP Blaustein …,,['F Lehmann'],Horn,,2022-02-22
Frank Lehmann,"554a Tuesday, February 18, 2014",,"['C Fan', ' F Lehmann']",Horn,,2022-02-22
Frank Lehmann,Activation of the Na+/K+/2 Cl−-Cotransporter in Mammalian Skeletal Muscle,2009.0,"['M Fauler', ' K Jurkat']",Rott,,2022-02-22
Frank Lehmann,Anwendungen neuer diodenlaserkompatibler Fluoreszenzmarker in der Bioanalytik,2001.0,"['P Czerney', ' F Lehmann', ' M Wenzel', ' M Seidel… ']",,1.0,2022-02-22
Frank Lehmann,"[BOOK][B] Bienen in der Bildung für nachhaltige Entwicklung:-Anregung, Ansporn und Anleitung",2021.0,"['E Busch', ' KH Busch', ' F Lehmann', ' A Greulich', ' K Becker ']",,,2022-02-22
Frank Lehmann,Muskuläre Leistung und Krafttraining im Hochleistungssport,2019.0,['F LEHMANN'],,,2022-02-22
Frank Lehmann,Instrumentiertes Feuchtemonitoring von historischen Bauwerken mittels elektrischer Impedanzspektroskopie,2020.0,"['M Krüger', ' F Lehmann']", Mauerwerk,,2022-02-22
Frank Lehmann,Instrumentiertes Feuchtemonitoring von historischen Bauwerken mittels elektrischer Impedanzspektroskopie,2019.0,"['M Krüger', ' F Lehmann']", Bautechnik,,2022-02-22
Frank Lehmann,Isolator-Technik in der chemisch-pharmazeutischen Industrie,2018.0,"['HJ Bässler', ' F Lehmann']", Reinraumtechnik,,2022-02-22
Frank Lehmann,"Olympiazyklusanalyse Wintersport 2014-2018–ausgewählte, sportartübergreifende Erkenntnisse und Schlussfolgerungen aus trainingswissenschaftlicher und …",2019.0,"['J Wick', ' F Lehmann', ' I Fichtner…']", … und Auswertungen der …,,2022-02-22
Frank Lehmann,Qualitätssicherung und Zielorientierung–der Beitrag der BZgA,2015.0,"['F Lehmann', ' B für gesundheitliche Aufklärung ']",,2.0,2022-02-22
Frank Lehmann,Olympiazyklusanalyse 2014-2018 im Skeleton,2018.0,['F Lehmann'], Olympiaanalyse Pyeongchang,,2022-02-22
Frank Lehmann,[BOOK][B] Olympiaanalyse Pyeongchang 2018: Olympiazyklusanalyse und Auswertungen der Olympischen Winterspiele,2019.0,"['J Wick', ' F Lehmann ']",,,2022-02-22
Frank Lehmann,Instrumentierte Bauwerksüberwachung im Kontext historischer Bauten,2018.0,"['F Lehmann', ' M Schreiner', ' HW Reinhardt']", Bautechnik,,2022-02-22
Frank Lehmann,Etablierung von Mausmodellen für die T-Zelltherapie von B-Zell-Lymphomen,2012.0,['FM Lehmann '],,,2022-02-22
Frank Lehmann,Möglichkeiten eines integrierten Ressourcenmanagements mit Hilfe eines Geschäftsprozessmodellierungswerkzeugs,2009.0,['FR Lehmann'], Anwendungsinformatik. Die Zukunft des Enterprise …,,2022-02-22
Frank Lehmann,Grundlagen des Lösungsansatzes,1999.0,['FR Lehmann'],,,2022-02-22
Frank Lehmann,Methodenspezifischer Fachentwurf,1999.0,['FR Lehmann'],,,2022-02-22
Frank Lehmann,"[BOOK][B] IT für Existenzgründer und junge Unternehmen: Auswahl, Einführung, Betrieb",2014.0,"['FR Lehmann', ' P Kirchberg', ' M Bächle ']",,,2022-02-22
Frank Lehmann,Methodenneutraler Fachentwurf,1999.0,['FR Lehmann'],,,2022-02-22
Frank Lehmann,Ausklang,1999.0,['FR Lehmann'],,,2022-02-22
Frank Lehmann,Backmatter,2014.0,"['M Bächle', ' FR Lehmann']",,,2022-02-22
Frank Lehmann,Gegenstandsbestimmung,1999.0,['FR Lehmann'],,,2022-02-22
Frank Lehmann,Struktur-bzw. Liganden-basierte Suche nach neuen p38 Mitogen-aktivierte Proteinkinase Pharmakophoren,2009.0,['F Lehmann '],,,2022-02-22
Frank Lehmann,Isolatortechnik in der chemisch-pharmazeutischen Industrie und Lebensmitteltechnik,2012.0,"['HJ Bässler', ' F Lehmann']", Reinraumtechnik,,2022-02-22
Frank Lehmann,Interventionen zur Verringerung der gesundheitlichen Ungleichheit. Der kommunale Partnerprozess „Gesundheit für alle “,2016.0,"['A Mielck', ' H Kilian', ' F Lehmann']", Normative Aspekte von Public …,,2022-02-22
Frank Lehmann,3D Geodaten,2012.0,"['F Lehmann', ' A Wieden ']",,,2022-02-22
Frank Lehmann,"[HTML][HTML] Untersuchung neuartiger kombinierter Vernetzungsmechanismen für die Pulverlackhärtung unter Einfluss von Katalysatoren, Teilprojekt 1/Teil 1; …",2000.0,['M Gedan'],Smolka,,2022-02-22
Frank Lehmann,Remote Sensing,2011.0,['F Lehmann '],,,2022-02-22
Frank Lehmann,FÄ Lehmann wurde als zweites Kind geboren.,2013.0,['F Lehmann'], Zur Geschichte der Endokrinologie und …,,2022-02-22
Frank Lehmann,Spinale Motorik,2019.0,"['F Weber', ' F Lehmann']",,,2022-02-22
Frank Lehmann,Höhere Motorik,2019.0,"['F Weber', ' F Lehmann']",,,2022-02-22
Frank Lehmann,Maligne Hyperthermie und andere neuromuskuläre Erkrankungen–Ist immer eine triggerfreie Anästhesie indiziert?,,"['W Klingler', ' S Heiderich', ' F Lehmann']",Horn,,2022-02-22
Frank Lehmann,Tipps zum Leben mit hypokaliämischer periodischer Paralyse,,"['MM Segal', ' K Jurkat']",Rott,,2022-02-22
Heike Schwadorf,[BOOK][B] Investition und Finanzierung,2011.0,"['H Putnoki', ' H Schwadorf', ' FT Bergh ']",,16.0,2022-02-22
Heike Schwadorf,Einflussfaktoren auf den Erfolg interner betrieblicher Lehrveranstaltungen bei der Daimler AG–Empirische Ergebnisse aus Teilnehmersicht,2009.0,"['W Bihler', ' H Schwadorf…']", Zeitschrift für Berufs …,3.0,2022-02-22
Thomas Kibler,Optical data buses for automotive applications,2004.0,"['T Kibler', ' S Poferl', ' G Bock', ' HP Huber…']", Journal of lightwave …,154.0,2022-02-22
Thomas Kibler,Optical communication systems for automobiles,2004.0,"['T Schaal', ' T Kibler', ' E Zeeb']", Eur. Conf. Optical Commun.(ECOC),13.0,2022-02-22
Thomas Kibler,Optical data links for automotive applications,2004.0,"['T Kibler', ' E Zeeb']", … and Technology Conference (IEEE Cat. No …,13.0,2022-02-22
Thomas Kibler,Optical transceiver module for star networks in cars,2003.0,"['T Kibler', ' K Pregitzer', ' C Rief', ' E Zeeb…']", VCSELs and …,8.0,2022-02-22
Thomas Kibler,Planar star couplers for 200/spl mu/m multimode PCS fibers,2003.0,"['T Kibler', ' J Guttmann', ' HP Huber…']", The Annual Meeting …,,2022-02-22
Thomas Kibler,Optical connector system for data busses,2005.0,"['T KIBLER', ' J MOISEL', ' M RODE', ' E ZEEB ']",,,2022-02-22
